l,x,y,z
4,5.434309326282029,-6.287126887751277,-7.770644682072904
0,-2.1693766588661063,9.006905978253748,5.407175674934505
1,0.2029264955988399,-7.912256260185565,-6.710380308885573
4,6.002323294815998,-8.641488991627202,-6.070231341724485
1,3.178092605719306,-8.076287660364793,-6.109431263752835
3,4.141516160675098,-10.7450543391359,7.865401190977541
2,-7.866505066463275,7.292564664862129,1.6865851619776049
2,-7.492283549171293,9.478762453931775,2.694557519277948
4,7.330887266052362,-8.526780649347925,-5.562564016228525
0,-0.8478958924445961,8.680039037047955,4.322031929717518
3,5.223853065796029,-11.822736556398153,9.633396872094586
3,3.5904468362813358,-9.851632016697915,8.994907541266766
1,1.7040752460117816,-5.390582017266791,-6.002284424795833
2,-8.02057506075996,5.8341298558493975,2.04694233329276
3,2.7694552187328987,-10.426697605201836,9.918861463774094
1,1.7862645613803232,-6.927418068524808,-7.941372226222537
2,-9.348185334135986,4.838911336412888,2.942127745011839
4,6.513609920376404,-5.2731582063477935,-7.728962678050168
1,2.54451719426752,-5.909103371138059,-6.138146576746482
0,-1.417205358695079,11.792599169750762,5.833518560510418
0,-3.280978372546009,9.892959676389218,4.400284328034291
4,5.920121134634033,-7.287516412818936,-5.451065406598821
3,3.791929939098679,-9.383760717993205,8.366620796369729
3,3.8184757276182797,-9.08280830347246,9.369272159065016
1,2.482547800276838,-5.632300135919546,-5.914187585316356
0,-3.4074055625084285,9.84908154742875,4.936440220557072
4,7.570202418994932,-4.342649781429318,-5.14902152195064
3,4.53358294701407,-9.109437950152115,9.374020066141757
3,3.983711234433503,-8.93967377936299,10.385505942496511
0,-3.0246332851452036,8.41403227809241,5.58731865727474
1,3.2601446477903258,-7.32426474939691,-7.307517535725422
1,1.7021292216521895,-7.492721874059648,-4.967791953435976
3,3.3332575746551454,-9.348832652378054,8.616179406332279
3,6.5634778377563645,-9.61091320352877,9.923085821903836
3,3.908765867919945,-9.196225584383082,9.209300355455412
0,-4.004251493867086,8.2250277995004,5.383590119999328
1,1.8712201714608758,-6.8374931094093405,-6.365520602585407
2,-6.951499644511774,7.50740626740386,2.122395677443874
0,-2.9372436872289844,8.271879291079149,3.936535034520694
2,-7.5144529528487976,6.191706773366008,0.3829039672001193
1,4.016490173623037,-5.260015035713959,-5.947097452887597
2,-8.90791757954902,7.808838912059157,1.2496330925907047
2,-7.905331113985442,7.745207839410963,2.4279178280045546
2,-8.918743530345003,6.85807273309465,2.9088176474332297
3,2.57463984032582,-9.72257821744146,9.238973165143175
2,-8.337850237215378,6.2702641948537075,1.6716187069853883
4,6.633659687238446,-4.890117560263846,-7.159940836917567
2,-9.21172702501258,6.149952708486578,2.8182067397116497
4,6.687444756235469,-4.297599096353361,-4.564229080838988
3,4.431120913317979,-9.818366549680334,10.105912584489506
1,1.3089422406363092,-5.519515824903099,-8.917185528248085
3,2.297120027611814,-10.489910860119524,7.836390181844415
0,-1.2354640029131942,8.722333457372702,1.9847027886646313
4,5.785947477257937,-8.055914775979193,-6.808446415982659
4,6.217057027368229,-6.63926024076615,-7.206761260151731
4,5.998439781298442,-5.223524653529035,-8.889219289460476
4,6.3322027867472075,-4.874574276708434,-5.601302255065776
1,-0.2571602236851569,-5.828034150479604,-7.723654555521417
3,5.675969118510491,-8.815226924906424,8.794873478018173
1,1.1576706106522434,-7.438652684385127,-8.31419846250847
1,2.252927033727441,-9.620582035610973,-7.3387288702189455
0,-1.2408081006488483,9.438772372254773,5.580414421190111
1,1.4405893817203275,-6.3513105815208935,-6.672606108116811
4,6.027034515502044,-5.051844721595254,-5.332437741869934
1,0.16303835894471597,-8.792333708215489,-6.517633134470644
3,3.5440049434618106,-11.50041327516881,9.795035709088692
0,-2.069870482949316,8.90578823963481,4.1534460701757405
3,3.475841274839101,-9.264509986478005,9.106707064246395
3,5.695429676770476,-11.83740584213989,8.715204712888763
0,-3.131434787959029,8.658797487281962,5.591889930074796
2,-8.896232663973795,8.142007650137243,2.1561478891101755
2,-9.355861407544234,6.724598518939367,2.577677051671084
2,-8.524465793165875,5.641702590365474,0.2637012348700283
2,-9.201285035604718,7.498162184866531,0.21234133388346965
3,3.9022011133406833,-8.354623192707916,10.047121253746882
3,5.157203792602265,-9.865208953880328,9.372807996855398
3,5.943076646346276,-10.464628782058133,9.435857276407823
2,-7.767331289430755,6.740722314085706,2.8745467238944435
3,4.964353174066595,-10.148758265573475,11.217770089938542
4,6.952978986678245,-5.487319306620629,-5.525937952499615
2,-9.654633165690855,8.639289423780863,0.26919318792596036
0,-2.2905593069988877,9.896047167146932,3.6307934933629937
2,-7.694192554019592,6.004175026361297,1.7960550158554995
2,-8.791310543512266,8.54669386609016,1.3388684447340526
1,3.5145406808589144,-7.707520270066984,-7.183974028706873
0,-2.7150643401482553,7.574244680514523,5.830606092341742
0,-2.8513393356581314,8.088239508986844,4.126913518592479
1,1.8533187645751332,-6.765897730938289,-7.474625646000196
2,-9.789011548041337,6.482614117450848,2.014022160314126
2,-9.842085648199381,7.833819305081026,1.864198744793977
3,7.126461907641631,-9.684939020707173,8.464983635594288
3,6.163188658451045,-9.693702039521277,11.179026256206528
2,-10.772006057743571,6.116127083852328,0.9517221551870083
3,3.95488438748958,-10.299182044495192,8.729075962127244
0,-1.0566473755903791,9.376300040140793,5.221192970263825
4,6.846431738059843,-3.2883401505767935,-6.663640940250479
2,-8.248053137574223,7.540383952481641,2.464416900177649
1,0.39291774719720496,-6.86357377250734,-7.119288259306115
4,6.1147044663203385,-7.376263679900222,-5.800155193352964
2,-7.87331279557278,6.843391047802853,2.150102932230958
1,1.0009011362166604,-6.8001447393337315,-5.356322183082138
1,-0.3515499775116693,-6.699096349345838,-4.236538009877396
2,-8.357765649225263,6.9531995469014065,1.1887412475849088
2,-8.314375089528216,6.735436089184151,1.8888993769726317
2,-8.437915727397574,7.09780926792937,2.025714986042586
0,-1.1840919615385492,9.748787193078368,3.685381574266681
1,2.51665283690451,-5.8447062640706715,-9.088216144949824
0,-0.7462601507495219,9.245239851143454,3.83094194483774
4,7.148379801103844,-3.464535717636805,-7.407473495856246
1,1.9584514253057954,-6.0832217614549435,-7.161494699827033
3,4.03053558315116,-10.623264978616083,9.208202656057507
2,-7.217219198848295,5.75356257784136,2.0962631989377436
4,8.804595979215225,-6.884670807086907,-5.527176932862436
3,4.071928945673004,-9.225654491832783,10.696935547183683
0,-3.2603770477166787,7.883858075077791,5.409856196158895
1,1.6538096764070738,-7.326310661841937,-7.355780941244549
1,2.99974953049281,-6.713539058643119,-7.900492840538101
2,-9.067543808189603,8.13738682362231,1.0818864602962734
1,1.3471767536863317,-7.261537413520031,-7.293560832093647
1,2.2856281650386796,-7.1926508993677105,-8.479233065813428
2,-10.50810692870441,9.088209849761421,0.7807990039150532
2,-9.292072065172452,7.956464549292169,0.49574837316642917
0,-4.297694128033247,9.371590670134955,4.2253470308382095
2,-8.391688025118924,7.110250539532911,3.1513696723993183
1,3.3076153248048676,-5.898079814421189,-6.5494090362120145
0,-3.661762994712765,7.513517734991147,4.8049016343374396
0,-2.897462022029364,8.128773754369472,4.2831338104599075
4,6.2958367592828735,-6.789793702790774,-5.0504321402692725
3,5.008530565905943,-8.36580919919707,10.612706328545235
0,-3.547027499568232,8.938482383170136,5.6128423699838885
2,-8.995541650000462,8.403982784504052,0.17739499456808194
1,2.8457112753712113,-5.725272852742346,-7.357491323851267
0,-3.8360293891886474,10.858001925950168,3.909137432998448
2,-10.52788498271428,8.310645115627413,1.670127251264585
0,-2.374768740424728,9.59640892291136,5.527627295821459
0,-2.9748623943072965,9.072795030505166,6.987875764678424
2,-6.832753710996057,8.041114495291753,1.553152514669241
4,6.054076561452773,-7.034515459911332,-8.10123041090928
3,5.310871284184624,-9.88921413344531,9.122873819734457
4,6.398384777016525,-5.772841272244952,-5.535046140162881
2,-7.9004894550693665,6.483412836915365,2.186998062301316
4,6.738895653661722,-5.516256370722434,-6.818320971746441
2,-8.143566725789471,6.262696119664607,-1.4585085938959081
4,6.932152234448592,-6.54649968026815,-5.823387944174861
1,2.191392416471828,-5.96906306878019,-5.824778596729532
3,3.2762880569210613,-8.03574829859431,7.845469975423848
3,3.2908789396591525,-10.572582489376455,10.369097775174195
4,6.817248008483682,-6.944507925722283,-6.300815258971115
3,3.632153318374689,-8.969623566236045,10.527521480779386
4,5.960186061045492,-5.815874742636922,-6.9271496832843305
1,1.2367575116830856,-6.300122789601416,-7.427389429613468
2,-9.566642906583896,7.422268693136038,1.8919550888769674
1,0.5275597114686494,-7.7237641046690095,-7.223310829907114
0,-1.1457621321010458,9.843052105803196,4.6550221144879655
4,7.151753220922572,-5.426943115587791,-6.333188998363646
4,6.757698446217556,-6.871849214633285,-7.357606888900181
0,-3.311025466402444,10.398301847131,6.0450841421062895
1,2.7205377155525334,-7.170319499182313,-4.825016984654474
3,4.331145348272928,-10.28842598728896,10.487861908256347
0,-1.953075824518785,10.05814673911698,5.1663269975627975
3,4.805719715430211,-9.311740961489024,8.747483505894797
4,6.1463903290978195,-5.472038224165024,-7.289121505632354
2,-7.568202210060295,6.505048698456312,0.5195352172335721
3,3.132777222791825,-10.866332697520328,7.754456327651829
0,-3.658990200547109,8.238950022241378,5.41301969211735
3,5.7925774082027806,-10.35993843650083,9.694825362916061
1,1.3466455012521883,-9.071757247393249,-6.028707500897118
2,-6.863300403005229,7.2762582628696935,0.4643479171875078
0,-1.604075663096191,8.410381755713793,4.944327956098954
1,0.8817792466472616,-7.696628630412164,-5.370338280816323
3,5.166594129198927,-9.840690157548401,9.738797062339744
0,-3.0805777888068917,8.090203290451218,2.0273298235345
4,7.549081474923671,-6.37559598142528,-5.885410659230532
2,-8.737510334381959,5.693929929522376,2.5741638901736765
3,3.716468234547049,-9.312799551735697,8.599651727633704
2,-10.586874741593537,6.066182615069859,2.906401071423355
2,-11.159065130614142,7.093643344052317,2.650440248344845
3,3.0144929271874696,-9.70290041439192,10.031464545543463
4,6.737499513406449,-4.0310891807495075,-6.592483517348234
2,-9.461182259737294,6.905379881489432,0.7338528551068508
2,-9.461198253059294,6.827553869172233,1.854185339238882
3,5.478729782652095,-9.186966487059161,11.580704067416974
0,-2.5277484275643904,7.340781506208098,3.567347001792444
4,5.320934744321162,-5.072952407138996,-5.205685813833978
0,-4.406574605541408,10.294826889875786,4.024745158456771
0,-1.6148652929439886,9.769283925443057,4.4327129461235275
0,-2.30159936176703,9.899276595384986,4.175349087583133
2,-10.015856121910947,7.527224713637553,2.3121424990326434
2,-9.515893969369717,7.472809478971181,1.2397565296296955
2,-8.257305746770024,5.799507673771673,1.2238611874471221
3,4.074606778790717,-8.781016989272867,8.152430984140187
1,3.177804756516557,-6.02827292655076,-7.500473315811498
2,-10.591901474544697,9.404837572263844,1.717746596376918
3,4.60984184953677,-10.177073650290748,9.4074887957708
0,-1.6056651324269078,9.033286459260472,4.105462382554596
1,1.7230470828662208,-5.578574757988971,-7.556522613759985
4,8.460227844673417,-5.12966892953284,-6.034848495484779
3,3.084791047743243,-8.919902153141585,8.308603944945233
3,4.731401861262292,-8.866843840298877,10.033593975454783
4,5.8765487906819605,-7.188836614647917,-8.276607081037012
4,5.9410001392652525,-6.534930307046445,-5.483908067871622
0,-3.0026301052560767,9.937448736540274,6.346483789906563
0,-3.5017838024559405,9.116633810747988,4.207269555680088
1,2.0625636030863816,-6.391583111772521,-5.2999754982007445
4,6.7452865348019255,-6.434105068473559,-7.354193044495691
4,6.95130253036856,-6.381146273188426,-6.347813942062386
1,2.542106358410374,-7.754433904895972,-7.2804824664435
4,8.095356751955013,-6.2678593356526235,-7.4737240423675875
2,-7.77375907860931,7.443128584385772,2.8389987525777456
0,-2.163679679163984,8.618769676618028,4.350741979758159
4,5.548073533171751,-6.464516411195015,-6.950064735420707
4,5.83166734939944,-7.847338414098254,-5.77444370845212
3,4.883991636210986,-9.128381088261806,10.00571137038939
2,-9.041173976306164,7.3704383504489615,3.8044638534002546
2,-8.164047287889234,7.208678896015679,2.1773368584596944
1,2.7769827353169907,-6.265785849675845,-5.522228805175958
1,0.8340279553508494,-6.6118845254480085,-4.096332169786896
1,2.375204163987654,-7.227153924924225,-6.050970908690678
1,2.1733041031141545,-9.05049301928168,-7.366824089318696
1,1.8154457256866285,-8.234685146669202,-5.84750918925797
1,1.2114347682129125,-7.444184194420846,-7.88215631690468
0,-2.6464694401505664,8.890153739316663,5.38021965417584
2,-8.844981211267248,6.004377870296758,2.826739344975041
1,3.524432538673703,-6.709654288243962,-5.726864406847491
2,-9.527868077716377,7.818478433060228,2.440552789650176
3,4.2356577697210644,-9.817712716814304,10.34869979852251
0,-2.7386480768847066,9.403635041454445,3.374759722305459
2,-8.00510387901527,5.996983899388944,1.660409263631172
2,-6.528605001229824,6.659626001952038,3.189403149247812
1,1.0883537420227472,-6.592685929926972,-6.714915213155369
2,-9.239707513968236,7.861545270295547,2.070254285147281
1,2.2155033700238445,-4.832228270021032,-6.765248125062051
4,6.439892328676405,-5.881725267290283,-5.374131217575856
3,2.5700469084246205,-9.023609051547796,8.76359200794653
3,5.367604951591501,-9.204338561537089,9.114255232357351
3,4.88660295530265,-8.908337038567195,9.973665710734316
2,-9.186340842932848,7.522081278394995,0.58793526770533
3,3.290317791883392,-9.184920090729873,8.459729133034038
2,-8.429815408258584,7.137150521135611,1.6176344115571295
3,5.596633105110961,-9.023907126190686,9.753747672914239
0,-2.7213590447643767,8.587417334158598,5.141327167752906
3,2.4766661611004466,-10.522032366824174,10.445117170889898
0,-1.1373354895029737,9.189839422153154,4.330590289783523
1,1.071875865276064,-6.9882558552401255,-6.935594551573621
3,5.247317897788715,-11.689228975535869,12.33594989040766
2,-8.92754893222968,7.353506550025861,1.3178301314046457
1,2.9223126717217305,-7.118851989021025,-6.0261348822080905
1,-0.4835773729227473,-7.690133038130488,-7.784651477063018
0,-4.64881827912899,8.384811167274071,5.237599303140709
1,3.555207866904512,-7.267696380948684,-7.548511561579215
0,-3.8558757204140965,8.133694862151215,3.5093265315465345
1,1.3187963378277163,-7.652852161604093,-7.230898838448816
3,5.451208084296283,-9.849710039039074,9.518697002029187
4,6.165041684467339,-6.084674084159116,-6.153030114327503
1,3.17358123235413,-5.063539400907455,-6.991041528905456
1,1.539866277038172,-6.675804463623803,-6.321000390661419
0,-1.7990883826887965,9.10676499974942,5.2699537748291085
3,2.9341917750000515,-7.928173160635709,10.296085582000227
0,-3.1326750180377103,7.506132838650839,5.739525812012921
0,-4.092491836589637,9.787986545032004,4.101737174565142
4,7.143296230092054,-5.029604167256697,-4.063090570411017
4,5.049716329561423,-6.159940869481061,-6.451843314867083
2,-10.357507739622188,7.3181864446620395,1.363531409082819
4,6.141744921875827,-6.924259640610331,-5.155691347396985
2,-7.78979681812841,7.6671415050339204,1.6457475838419098
3,4.912827542996855,-8.84114488982437,8.6973653643738
1,0.36216407398551076,-7.02817859615832,-7.287569730911212
1,1.9853161930139573,-5.948693107177191,-7.4032976868630564
2,-8.37577920398847,7.563545653183749,2.327854555241434
4,6.237921659709252,-6.12044200238947,-7.070257413076165
4,8.595395653523202,-6.013716348373199,-4.636666813639227
0,-1.1168718695608473,8.133645309668552,4.7167737848126725
1,2.7440327854047717,-6.386940707350865,-6.791236587144203
4,6.484289744999842,-7.093770966438305,-5.450500435583688
2,-10.187791328061534,7.909026376357282,2.7356998250696214
2,-8.123320742834869,7.8259395476857305,2.8797461665815813
4,7.156610486319936,-5.699229367988684,-8.165909563352205
2,-9.09906292152783,6.198103907751815,1.8732635681346457
1,3.03839676648765,-8.671672291286486,-7.326883105065854
2,-8.31139034400422,8.94405636066458,3.5927948701253145
4,5.722139713516254,-4.465235312632538,-6.786312616943531
0,-3.3768387130321247,9.16014798062663,3.270007779511805
0,-3.3651265408821183,8.974649986158703,4.105216094378037
0,-2.5286397639522984,8.08169447163724,3.3449363617482417
1,2.914454262001207,-6.851936259535058,-6.752744114738791
0,-2.670953009450271,8.480637324355834,4.634350973907975
4,5.4557928610982,-5.7933062990910305,-5.195282934041123
2,-9.643114673296335,6.317407022415207,0.9713882770359887
2,-9.710958384007021,8.117180857479056,1.721939746775547
1,3.359073005231831,-5.871024241302434,-8.512327672704465
3,4.225139949572525,-9.116348780837342,9.537412451884789
0,-2.104222114282225,9.924024303158138,4.43742131039655
2,-9.200862781735372,7.907323291654993,2.5657993376535178
3,4.275984922136373,-8.638164643085119,9.200243916671555
2,-7.794781847349457,8.191287939669591,2.305332440259392
2,-8.603675751480925,7.57627842303659,3.668697477544149
0,-1.635608207417371,9.02343047393846,4.274339539395559
0,-3.138898480317863,9.891040778150646,5.191615846693176
4,8.863104339470711,-6.049235013764375,-6.237051633034525
4,7.394654067068839,-5.159788613240868,-7.2172371905429
3,4.714524832361389,-9.621996640992666,8.447848860138151
4,7.231248775992499,-6.823812124670079,-7.253246757644557
0,-1.3510109701207225,9.271402998254601,4.954391732091273
2,-9.708550998779522,8.529150993451541,2.3654352858810492
0,-2.4154321929008034,7.607880861016772,4.605349180133293
1,2.6578118854959003,-6.489373922168128,-6.965018425771779
4,5.47624955914712,-6.986685887714582,-5.6685027550811125
0,-0.3978799814364984,9.701134640964293,4.710851251867847
1,2.4308461383695708,-6.8099745266323914,-5.896605286917482
3,4.536429494260617,-10.34570963098226,8.039925846516534
0,-2.9536963672719327,7.34515376910779,3.8680597584713463
4,7.356941937865113,-6.601316485773708,-7.96451995355974
2,-11.008205443676868,5.57005349924804,1.477377999905267
3,5.6068362455038425,-11.412379987976887,11.726816051661451
2,-9.002863414685706,7.324222033055878,2.180556215817543
0,-2.251990132072643,9.038217942664158,5.511792825040494
3,4.220593678193331,-8.46219308806857,8.943952768086623
0,-1.7136021591568085,10.509720381081795,4.978060088221421
2,-9.54353849296579,6.619902852572257,4.379676599896884
0,-4.531512556248485,8.07122931973106,6.0438375748873945
4,5.774032435932317,-8.02959129502648,-6.078610763285789
3,3.988416677223991,-10.276469804184224,11.870476505512546
2,-7.4970158369358755,6.439745126634435,2.596267194065851
4,6.617913818852812,-7.713375794728309,-4.302942039241936
0,-3.178400351233963,10.176223445945096,6.192738612067427
4,5.835207459948761,-4.539486348708635,-6.5035435078002255
0,-3.4722132491188766,9.991466129011394,4.681858900698124
2,-8.74837160850922,8.076827184576352,0.6720518229213506
0,-3.78006942992879,11.403322085590784,6.483292594548635
4,7.008062216466277,-5.196396945659479,-6.573870814419033
1,1.1445859129219966,-7.424796390483114,-9.382869114938162
1,1.8995585681488256,-7.161848380138481,-6.5846320688527635
1,1.8978660291856086,-7.980879095998382,-6.392436318352653
3,4.228950091795918,-9.390744123911569,9.847425478159632
3,5.538255048799838,-8.811294018326661,9.79982254873136
0,-1.442999078955012,8.055278031771543,6.021883440400044
4,6.141729755951846,-5.9895725235234725,-7.551413464500053
1,3.543201964483404,-7.181951433227578,-6.8846724222662425
0,-2.5700617105274963,7.595535669606919,5.682370453567522
0,-1.558827940655847,9.830731209149649,3.1160028386122405
0,0.050290407985042584,9.408519150077922,4.762098001450781
4,7.255983916792054,-4.442058900116372,-7.616089668223483
3,4.842896636278194,-10.167773388154021,10.48720702502466
0,-1.451774114190374,9.065646987677956,5.512325993888554
3,3.0058835078151915,-9.269086771888404,9.772477098817191
4,7.290540253163085,-4.528590699208145,-6.9468586280853355
0,-3.219325580980234,7.226614516266539,3.4193087319462467
0,-2.6869297443234053,8.60390281951202,5.819595180928802
1,1.3712010050443473,-6.11937609651591,-5.773780488447504
4,7.724285879113474,-7.652394174349944,-6.285071256839345
1,2.2104940687004753,-6.606049788012642,-7.604111389880245
0,-1.8601108904236439,7.791412591523015,5.176214868610167
0,-1.836072120278775,8.757655945505768,4.27205311209534
3,3.8581430939849604,-9.208583927143827,9.071316263560234
4,6.9268358807511445,-4.298407141442734,-7.813357221338894
4,6.68011969325711,-5.501912145628096,-6.3650511616938905
0,-2.1914305906156315,7.4020588210237985,5.585260526315668
2,-7.829806931857428,8.855211716739618,1.3731089099604963
0,-2.614316127799164,7.019324556640672,3.3396859946346615
3,5.150334293229927,-8.965000307429348,8.90473422687587
3,4.383734273379193,-9.427833907085105,8.460968994406063
1,2.4467970716682967,-6.825276613212699,-4.604348295708743
3,3.192251945607143,-9.037272811841413,11.244823544070359
4,5.960915428544609,-3.891902189198082,-4.476886009768577
3,2.5284992753789255,-10.161078538632477,10.198695285005858
3,2.510960345883147,-9.638732965805438,9.24146664501736
3,5.283304745347757,-8.277766289391739,9.17578426478432
2,-11.497679113685383,5.2451462605797605,0.7816601571766049
0,-0.9661299711936664,10.337549935349559,4.511466689688393
1,0.6045795683988748,-6.3441353811760655,-5.819662779165479
4,6.925396482901102,-4.953718532930329,-7.003994090627172
0,-1.2427907676798753,9.39158239365873,6.291229822707591
4,6.721849571981793,-4.973139606717894,-6.288313568251802
3,4.652856122940406,-10.619027616885475,9.3484305335908
1,1.6117468445137546,-7.118120558535328,-7.338219496107323
4,5.366354194886913,-6.71973481236947,-5.9463101914754235
1,0.3084764877457242,-6.885826330825142,-6.476990266190369
3,3.857915570343711,-10.881455437730109,8.797223080236526
1,0.9852338381441906,-6.851006631583444,-5.911486436971526
1,2.143763887521595,-6.044061792801366,-7.770952935727024
1,3.0958473687387533,-8.32082295164727,-7.003020899827402
4,6.987573318878071,-7.452066986238123,-4.906304895901741
2,-8.588083824062362,6.183768487341997,0.6808550770644781
2,-8.59580733102349,7.503368334226762,1.6874479624880623
1,2.626803945276056,-7.753601310636367,-6.8834055136033
1,2.2488048418281394,-6.600904156180609,-9.33237419459168
4,6.916604040372897,-4.293724183050955,-8.048811594619927
0,-2.218163621790568,8.378726387923683,3.6183266415525033
1,2.744807833242068,-7.602966273602504,-4.44626151487353
1,1.4205239105937264,-5.9157768724359086,-5.906552145755823
0,0.8630986305739228,8.093895323130946,4.2412404462129
3,5.234538901331222,-9.752270993685872,9.94541298129689
2,-9.238709116819328,7.823260535610814,2.5548953442347266
3,4.050718126840213,-8.655431029755329,10.271355591859034
4,6.26401093406131,-5.289245503511018,-6.802087862115283
4,4.700969302687273,-5.1737752135672155,-6.21580133063121
1,2.3339481086141602,-7.149830509828808,-5.932492655614538
2,-9.84541712094227,6.666289597381209,1.0849445526408545
4,8.279781997271376,-4.796777438086855,-6.98829020279204
3,5.97343168005578,-9.230384385392183,9.791460194623564
0,-3.4238885543140274,9.634834344160057,4.478941459365038
4,6.618962342106136,-5.9275314914692245,-6.755065462187792
2,-8.92855542069222,8.104596183115156,4.560991336601662
2,-6.2684009169456765,6.216418460898682,3.410882503904464
4,7.875902875978587,-6.502397027063607,-6.1381579021689205
4,6.712809602919369,-6.124930689727377,-7.355813921894082
4,6.554481065973055,-5.839111036152269,-5.550811230213992
3,4.91477731629815,-10.716137334585257,9.962474431266623
3,4.562643772247799,-9.088673012957994,8.101821123976045
1,2.9494788104218346,-8.332476650223631,-6.096103182361778
2,-8.155704520178864,7.157799862352088,1.1967153918467148
4,8.232317841392529,-6.059998179305848,-5.049491181214089
1,3.368901619869296,-8.18927648116317,-8.793887173544302
3,5.558866258981281,-9.663454280893967,8.819233788045715
2,-9.093149025008374,7.173644948736241,2.5500649957958363
3,4.340726160347593,-9.055450221270492,8.144388809446628
4,6.855946678241387,-4.610891331896125,-7.4843230213783745
1,2.6402257874105235,-7.578773769243187,-6.888926639521754
4,6.699388631602441,-5.582720551394046,-6.588647183208009
4,6.451317590311468,-6.512258233643125,-6.330041884865685
4,7.278266400895223,-6.668176854217173,-6.28222381309096
2,-9.855519927181401,7.840192224146826,1.2231896640389106
0,-2.7682262677916407,8.439576920584923,4.2183806158882176
1,0.7451156648171078,-4.505485447750674,-7.19083385789314
0,-3.78911735631588,8.776894166991653,6.511884516700405
0,-2.056261296519241,8.848225219847256,4.854817666322856
0,-1.2998156523661162,9.552246131890318,7.374300995289843
1,2.796274659685739,-5.987216371336059,-6.784489147386554
3,3.244291750724873,-9.61919774965553,11.401604310421991
3,3.8453536874843817,-10.329142522051654,9.383908011849917
1,1.6664532846189148,-8.403917724321262,-6.082373278697312
1,2.561498202401374,-7.19810570180161,-7.19916661434229
2,-7.629345812529545,5.882028667435088,2.1978460647546836
3,3.429574470290692,-9.392899829087318,8.335564265823784
0,-2.9487154985270276,8.606370775427026,4.901501892200567
4,7.764754869373797,-6.402483364510402,-5.4156748530207715
2,-7.754718102730539,6.472966456836508,2.127035533502306
1,2.232558992940426,-6.5772789008196275,-5.36387627034205
4,6.121383492394579,-5.3915412010108215,-5.859764609645562
2,-7.343194011118599,7.5371533399272135,2.288880781559112
2,-8.081976187348628,5.910498570156926,3.268994971393763
1,0.8758238153740736,-6.538704992592317,-6.96652310010756
4,8.329945130938924,-6.504123336214591,-5.196952064880982
4,7.226763329799946,-5.722738936168812,-7.855436802329362
0,-1.5209950125486384,9.246582286374727,4.8160597582804225
3,3.6105034414554815,-9.539924995798147,8.710653591900295
2,-8.425757359991888,5.393838319184546,1.3717153933073187
1,2.0552245550935297,-7.367022215072418,-6.4762890345966415
0,-2.4289989105119356,8.121165854569098,4.305061588833368
4,7.625236769470538,-4.6491686499511236,-6.060815306862001
0,-1.2098008087882628,8.147139972148768,5.257519681739247
4,5.944565107817247,-5.992098534301074,-6.2763142516515575
3,3.665585377913624,-8.56478859161829,8.30456809717649
3,5.269172006202609,-10.296388980278092,7.84229839274999
0,-1.071841294719223,9.021592500938954,5.970760164200187
4,6.757395492036874,-5.290591451053374,-4.245644706232097
3,2.126211315295405,-8.856186506750879,10.478266043562051
0,-3.168379925489228,9.018223432629725,5.117632935661629
4,7.815155563245225,-5.184776780178322,-5.7639065425764935
4,6.963236310063283,-5.755301583854661,-5.948958841478199
2,-8.743006949688292,7.502559712047669,2.6298670991955344
0,-2.334364611061279,7.797431235839083,5.689226228548967
3,5.124417085035039,-9.2806893586329,8.949276215630091
3,3.659195839726785,-9.376715143703558,10.489243145404554
4,6.909515649158843,-7.15372574670942,-5.6436633649865975
4,7.476702911970854,-5.760260585359212,-5.051092034115356
2,-8.219665796926078,8.609791528903305,3.0845100857778873
3,3.8890555854211,-11.683467636763936,9.652370935486088
1,1.2908270828205781,-6.927822676687083,-5.608971367295032
1,-0.11684806468954756,-5.1091956745845515,-7.189202102472868
4,6.197443158407797,-6.189271274084357,-6.080957129751194
2,-10.24348767900047,7.824556259016048,0.979815360637037
0,-1.29212682607264,9.240574397697197,5.48728026880474
1,3.417508475922543,-5.993563630905117,-7.0171874143177995
0,-2.9616598553974196,9.79133592310193,5.6854500045744185
3,3.89226542423952,-9.674448559567315,9.2191850761224
3,3.4265411414431095,-9.942417755531938,9.851734876985063
0,-2.4483010159355896,9.661448824985365,4.76597366405213
1,1.5395193571688848,-7.22193582977567,-8.610982697041514
3,4.300794149542173,-9.135775222262616,9.264617201934671
0,-0.9488174819198711,9.142837128269402,5.189455181290769
1,3.449828309370361,-6.179384237788851,-7.01240903721841
0,-2.0671236061860188,10.062305872193274,4.011309088752395
4,5.542544634780094,-6.2074073447459925,-7.183844480388683
4,6.07585501101749,-5.572101276223416,-7.199262790878897
3,6.384147185055983,-10.826131058171066,9.922559790492796
4,7.537451696339311,-5.018768752946822,-7.402302483860543
0,-1.145311098635645,11.553448844467654,4.315387878399208
2,-8.031734508722323,7.707136869315474,-0.3474211746202718
1,1.7816368600274393,-6.822153188126974,-9.162912083316744
2,-7.560400927397845,7.062495662251908,2.1572849556838642
1,2.254134004858931,-7.938012593998322,-7.393023968247362
4,7.873437253634579,-4.129821224135432,-7.900448615884308
1,4.34749908743312,-5.865094498463972,-7.320614152149472
3,4.528553822708976,-10.114115501396908,9.26715863624089
1,2.37939636899066,-7.311569392759642,-5.020142586789016
3,3.2170827783778564,-9.265064351174972,10.64739881072742
4,5.846360082796789,-4.454406461587425,-7.344418098818285
3,2.460458003982155,-9.994802990780213,8.168327664999072
2,-9.926108691897772,8.253005422843472,0.2594333059931355
