x,y,z
1.609864824011995,-7.075178023491918,-6.865889991881023
4.517755372459378,-9.72769530327347,9.458544940001739
2.039809815430846,-7.023251777650313,-6.503382755603891
4.363223666281728,-9.018345533615387,9.358406919325114
-8.62264176343649,7.622337221240448,1.7952617082933373
-6.345563476521696,-4.0424260408286585,0.32417875417312964
6.641787170746165,-5.805524063805327,-6.2959082792457055
2.1997870516884586,-6.729352034863956,-7.173376166715512
6.617886290128687,-5.673609081614589,-6.538328253141462
-6.136568930384226,-3.6576198058122458,0.42474246165753315
1.7182163731012945,-6.6305264461879965,-7.136934741048607
4.077053288785445,-9.568212898916489,9.552978808551115
4.494361508507776,-9.465364517005398,9.325819746854323
-2.463080091269092,9.031748743732122,4.296987746878915
-1.8692876106558702,8.428659788341571,4.594343307717426
6.387953891626028,-5.415587351110046,-6.720324223718186
-9.430967726542171,7.041722297353077,1.979073968147691
1.8163116757947515,-7.005683236280027,-6.964644975934099
-2.069502992376284,8.946553238052362,4.660137297634479
2.536208427708152,-7.111763950882342,-7.253506004269371
6.744748363784129,-5.904471735736778,-6.387957457788481
-8.490079720422454,7.183212555105135,2.1262513993833903
2.5278565124243357,-6.541657682286943,-6.960776200442396
-2.785024893322891,9.479266449703584,4.404902848527231
-5.97799224042311,-3.856922851523238,0.3357643442624777
4.209408473520129,-9.89661265636174,9.777909395499297
7.012436011624356,-5.67484262706432,-6.474283797631848
6.9425102312429745,-5.72762234366497,-6.605980372350266
-8.643843626482852,7.2872384709163684,2.148159968036284
6.467094569780768,-5.237404414572288,-5.765746049907552
-2.4572433452973956,9.129881342116972,4.374721605367761
-8.670984664730451,7.3266287014517175,1.6287493651591278
4.251989125866749,-9.358486030568544,9.766277010405178
-2.414923423274168,8.741878905541958,4.216187725827514
-8.701561425011528,7.9730236189690284,1.8292447657501327
1.961122298747429,-7.308859721786685,-6.84167826880271
4.219766846394109,-9.694260001927157,9.499742196278394
-8.807067425450448,7.304744977128847,1.7961108582041727
-6.579264051389626,-4.097732057781156,0.33643532022555267
-6.447416346445182,-3.8002584453869668,0.5375057746709963
4.505985268679935,-9.554328990922622,8.966713649744676
1.6363530774720425,-6.764904267296055,-6.8301739308120295
6.915149443770586,-5.849418074101634,-5.824937249084291
-6.562908622790561,-4.303990140084214,0.3582923844025008
-6.0774575391313235,-4.284912135239798,0.6608186139486142
-6.144220522837523,-4.124186686338118,0.6697366027701753
6.373995241364063,-6.00276444890361,-6.383654142872794
2.504409874631385,-7.0677173084876,-6.336375025876868
1.538765513815859,-7.539268978137295,-6.748105258259947
-6.064835552680371,-3.863603338871186,0.6611039986401923
-6.6005136996402305,-4.037585392557312,0.19638401420768853
6.982659328505413,-5.941996804542313,-5.903382342883038
-8.7074306557338,7.3349239589491635,2.058309632879654
6.892271782355913,-6.097696773060262,-6.11786736273153
2.106448677386544,-6.987917040896994,-6.5323106522666725
-2.1795645674565933,9.26191103289473,4.883931727028293
4.080114475608139,-9.594720302388481,9.17403353949554
6.524813267671453,-5.675133634459611,-6.652628333721171
6.400303708574362,-5.784194214479191,-6.856457299204238
2.267976979124386,-6.379984857812497,-6.575798573770507
4.214384022504077,-9.698418465808947,9.14991997704527
-8.75462950796887,7.072918799520776,2.665844973196192
-2.9650086128389543,8.869015906338445,5.019952180984088
6.581892139617994,-5.306258754853852,-6.843771849400943
4.030535788762938,-9.6211930552617,9.371688155478285
-2.830465372471084,9.159027852771278,4.572840000630346
-6.6098241419257855,-3.748501346906571,0.21952267919892898
3.9307088509847192,-9.870281044416611,9.64703949581941
4.073908175246245,-10.057267356692948,9.663129976384035
-6.007379784629475,-4.308820898838667,0.6817496297365718
4.218326040900532,-9.287996286313808,8.587227355340115
-6.303898090648328,-4.2542162582114225,1.2186316353182836
-5.705376971070346,-4.390950134480633,-0.06884868289695623
-2.393977988370958,9.004477703770094,4.019646206216138
2.0097726283343404,-6.111601829670632,-6.908927563193342
-2.1916702769978738,8.486664282271388,4.284901282428369
-5.876991586355252,-3.7345196446915003,0.5167396910298807
4.0728311328792,-9.537771821203068,9.793476303922274
6.513225716158511,-5.894230430762327,-6.283737186962373
-6.395572493901669,-4.200730678815916,0.518372788200416
1.7428304144094935,-6.890032657367304,-6.80984517351499
1.813909052064636,-7.026459023906737,-6.566861330155225
6.820470048522679,-5.7718750915342705,-6.026194647896837
-2.285009541515772,9.197397207828361,4.633608358038857
-8.642630893111985,6.850605268403428,2.4652623397819444
-9.366570400230243,6.865826021127675,2.40107546589233
-8.423045911082855,7.492695651514411,2.2007265373637614
4.018980458934151,-9.326920924846778,8.994403139165861
2.060102141009656,-6.2570069515576385,-6.618772182246439
4.18180820907913,-9.332478011547286,9.543616888428229
-2.2338390389363174,9.650932987302111,4.949618414393445
-2.488628730610942,8.69559501408049,4.781956565418656
-2.359798135679115,9.449629210536834,4.927660084053663
-2.0883593297719205,8.593730809360638,4.815935964368182
-2.8665886722135445,9.211252210788471,4.347474335159905
-8.867994652593353,7.599245860395033,1.9352178716075803
6.850711186798482,-5.575673546312063,-6.469712869140295
3.889731865662123,-9.784440015678596,9.219498655026838
-5.933229807070701,-3.7991125846024847,0.8224227602005474
-2.5917131321982434,8.323709778777646,4.185321517568536
-6.486838696097595,-3.9740951158376747,0.43337080338065515
1.6488506856607628,-6.694846509067991,-6.702179215885431
-2.542896037959999,8.947995248338355,4.824128846241129
-2.682268719751471,8.744761726793815,4.787454587680053
-6.402876389097007,-3.5744690966543624,0.16324057892126703
-8.67524771025768,7.212338615872872,2.2538098480586792
6.591841105507988,-5.860451413277605,-6.41761816038671
1.5061809318835608,-6.697824205747578,-7.264238399024832
6.691869356211111,-6.2860883563039724,-6.2409048124137865
-8.94706003905695,6.98762194711086,1.633895792147904
-6.428282632766697,-3.3653880277654853,0.7393741612802373
-8.726110785681739,7.6918236132406905,1.659407929256814
-6.360549077058046,-4.448029040849181,0.470948707855729
-2.1617643610027297,9.251784936387203,4.827114781343748
4.050448246956271,-9.665948932884081,9.877791194391301
1.9230342598456758,-6.835613085221273,-6.518156903323439
-2.295713159626083,8.67689350064696,4.179644585007415
-2.32569473640049,9.323585984947107,4.919262871962961
3.935804634243734,-9.492557760958197,9.80033217704683
5.7429991692621885,-5.698062923008369,-5.8233473014047314
6.245091538966471,-5.998995144350927,-6.506366917921385
-6.529260169086965,-3.6587975726892608,0.16754846252616334
6.361707541539923,-5.650081421969511,-6.378096361329123
3.686210773019262,-9.508172118780505,9.550814550208866
-6.508569850952933,-4.166333870124156,0.3127660544420119
3.966450781673871,-9.537713712493932,9.530779238110709
-8.811805690748455,7.7667819398152815,1.679793500624124
3.509650692116698,-9.334083610938825,9.237598587453709
-6.274719125551816,-3.6327619665790007,0.18537146158649542
6.456406743295143,-5.606856100973155,-5.822196222921964
1.8001021230837875,-6.628919557531727,-7.219021649673232
-2.557179182041778,9.008581265827514,4.339120026836759
2.0277295604582806,-6.805161015261169,-7.0179178631380195
3.9075445594236466,-9.78137506377919,9.707185288514234
-6.66336864085008,-3.8489927127050856,0.8605163783364247
-2.6752924146569046,8.654922760421668,5.229296376103018
-2.7214984627383845,9.14743195664219,4.872269052256902
2.1145943508566534,-7.045294104435562,-6.690230047949293
-5.872199485527889,-3.7651959036871343,0.07533678020417484
-6.186746807574912,-4.245842785760172,0.6995364857776416
-2.2543169939464427,9.121390773987835,4.432005957649905
-2.6646786885348446,8.771738047330365,4.4893517231527404
1.5861814140184158,-7.268150822770355,-6.980845003062985
-8.379787228712251,7.47587364238559,2.1837890585790656
-8.79015556232105,7.3244367215447275,2.1533816857880805
6.833954600881445,-5.548146989474334,-6.7732873692181474
1.6488527218182534,-6.563681335151399,-6.891976139432943
-6.5861999815170496,-4.110781807387164,0.16823872144204077
1.6762882378631576,-6.917363267181164,-6.863392119589339
-1.6931468730758645,9.201986332527824,4.382731569303217
-9.039049578233985,7.635494321717526,1.8406155729431164
-6.346971188043847,-3.128917213500253,0.1615385249125082
-2.7632357384732718,8.559831960792563,4.505924350607995
6.770141242496945,-5.382483128887831,-6.684816759752702
-9.28200122726825,7.37853089143245,2.017707280112277
-6.1314076563159,-4.135407280442794,0.5197272995688254
6.871100119634473,-5.907181856375953,-6.432080630459994
-8.723980241171176,7.710448741723527,2.2242546402451633
-6.377161116401332,-3.9373394104917634,0.35963078979687046
-8.83365404236157,6.994640389430143,1.5902849700858874
2.208909731535982,-6.75198992261578,-7.17020243621471
-2.575099189404004,9.121419899651846,5.083247049650556
6.481362289824626,-6.083264056325985,-6.23165028667192
1.8753626242903796,-6.519263014502086,-7.002532205182412
7.022256690229471,-6.158540096296884,-6.760238042881059
-9.262442105707505,7.290155097094093,1.7511279424247388
-8.175170856158605,7.156275379996353,1.6113593409904523
1.801815987005893,-6.707852356744422,-6.460302962300146
6.904122204658828,-5.794429322954296,-6.246361200879321
6.853851513851756,-5.816011932308285,-6.041607241528184
-8.482218664967895,7.515141982107458,1.6793987610450305
6.0949964573370075,-6.0320710444922,-6.812459432385011
4.301380550650967,-9.599002558773195,8.913657498468233
1.9445810242246464,-6.795920733420168,-6.697740640360985
-6.2330571822594205,-4.370307249810749,0.7203023829012869
6.560662731709181,-5.774697561991897,-6.81886277986223
4.247117778378206,-9.43197338557015,9.591761719024904
-9.22322542389258,7.6224029613328455,1.8741732599157819
-8.704946956169968,7.682512361492399,1.8393653635683611
3.8341616268563494,-9.711554400470327,9.066485642694106
1.1778787414228284,-6.552175135574531,-6.506284035526658
4.266886018183384,-9.267265042589022,9.390240665465168
2.1896713031537027,-7.2183427225164385,-7.037465673159879
3.6808618123517585,-9.662128860522936,9.145223064645029
4.812734371170253,-9.641075857813652,9.435158485275231
2.092910518246353,-6.890917601878725,-6.54911902867099
-6.9710797468734835,-3.684692975819724,0.5597475842816436
2.424189174470877,-6.616418503978569,-6.946398845424846
-9.588149471098083,8.010805687275926,1.6054284948350968
-9.169290266352515,7.257146828422972,1.9392562448974995
6.350548003625882,-6.52191788407307,-6.420808984638039
-6.1084082090681395,-3.97356432964425,0.47587217951220795
1.9817931308211771,-6.4960916323690805,-6.822779872869976
2.0759872878540433,-6.742601225405135,-6.7091794092062855
6.591581678490246,-5.537290403790022,-6.751482543219336
-2.816513915453037,8.938515682780373,4.265543881638647
-8.46684283520592,7.329904388519521,2.1149501386438647
6.607018933304136,-5.8882745658899,-6.363342268201008
-6.3722588382518435,-3.814997150838685,0.9245386671941123
-2.2229970940047896,9.209703503590061,4.545298062835998
6.732065897395893,-5.345020207682881,-6.756146775593721
6.55048440105456,-5.706660581276783,-6.115971176457697
-9.041642367561643,7.92753908975669,2.063260834188997
-1.8520609353097566,8.717125230659114,4.46998951734727
6.5786468582763415,-5.613310274100576,-6.067300300881257
3.8968891605525937,-9.63723020326708,9.174726249797951
-5.770620250319789,-3.7982708875979743,0.2346408130818473
-8.35997623766852,7.069434511003204,1.7248825300272834
-8.664540306755685,7.3593970260229495,1.730379552599709
1.7655972629763588,-6.893302996057919,-6.807107758479139
-2.3327024611073774,9.098583688518831,4.453068980281923
-2.457787138695759,8.97959164348185,4.549547727551315
6.886040495757266,-6.3442489317480275,-6.095721454368195
-8.86313196238882,7.286998662983718,2.476335157836815
-8.337356405330588,7.441924374445597,1.6635353162536204
3.918570499944415,-9.461091800744724,9.256045239118611
-2.991131519130022,9.075325218958488,4.41297361264281
1.4395536092694483,-6.430813897704515,-6.683799896369729
-2.760962880019542,8.921522415442958,4.73925786564917
-8.844219096314015,7.489269901823848,2.089474475083574
4.12926091271964,-9.453995036340867,8.926934197619337
-2.704677727334495,9.65746935499592,4.830054542923505
4.362853578856049,-9.524351125612645,9.17260624371824
6.82921484068717,-6.18637423127454,-7.052354941799159
-2.776051951940407,8.76954304270869,4.61674832340387
-8.905757377203816,6.972489007680895,1.4817061035901697
-6.221615015033898,-4.545163093104732,0.682781037694068
-8.905717701635117,7.488538545206069,1.731796898405085
-8.974296171434194,7.532439149735718,2.308891797435329
4.239548107552275,-9.628602736525115,9.64143952518782
3.8690927645197166,-9.256185913297859,9.362082694053807
4.065735375220924,-9.827117871124997,9.720999184819465
1.8344870973292193,-7.009976059380965,-6.972861230316538
6.926717436680914,-5.4635985410571255,-5.992661439316122
2.132110937315317,-6.4471566049539,-7.621602943314134
-2.479894793488101,8.782383193041682,4.647231888505784
2.084513445952125,-7.060822747166016,-6.854132657034077
-8.845835844259554,7.568852805258789,2.4393624995693695
6.294608971415782,-5.418921278033816,-6.1488862612256145
4.2584018701763435,-9.632590889973551,9.258386092679414
-6.077380538269738,-4.589221941004627,0.31311854421516827
4.297163094795829,-9.907028172528015,9.52668917240218
-9.389189368567,7.475920313572466,1.6912902530120135
4.116069570824855,-9.646782598189755,9.738328072300005
-2.505297055489378,9.450346351345516,4.560481786256714
-2.0194742318732595,8.585243714810131,4.5078654902190065
4.122074465793218,-9.56525454919632,9.330740248697463
-9.135216197607111,7.605754271895168,1.7275540168026828
7.083402584976313,-5.861148380171203,-6.761314961682599
2.1361777416547123,-7.078414318835024,-6.708929992697999
-2.1258945764831974,9.113980331792199,4.415332875261135
-2.905267585158943,9.563723757954628,4.993710872444487
6.796458470406275,-5.911028239234751,-7.009503531819361
4.693127034921832,-9.08993234971959,9.261068166264005
3.9581280647634536,-9.434137759186276,9.452071577821766
1.9298615603635492,-7.051725793215341,-7.044167275648064
-8.741920592000929,7.450099141769289,2.50641361558177
-8.929068662582448,7.207069869936334,2.073425101576822
2.0863598318541876,-6.652530606157664,-7.156759190529234
1.7047874932748808,-6.935688684399678,-7.0120289107581995
-2.28150685690477,8.78243856383705,4.5688332542060985
-8.74239317639325,6.845624795439202,2.154442656252295
1.9682428151189064,-6.5231092091168446,-6.12202986551386
1.8677156387283393,-6.874101677394404,-6.377178399593362
-8.913577661572525,7.721981158053421,2.1891692376843737
-6.387978650379919,-4.404297113923787,0.856926987608802
6.418855839673431,-5.918084927207051,-6.105624289764047
7.020536721890267,-5.690319961852089,-6.510991511547602
1.9521199705031378,-7.377915471206068,-6.751224127536171
1.9875951679391466,-6.801710440634825,-7.151404580807269
7.060707358411395,-6.416776359833329,-5.90347054546909
6.88253376706207,-5.615885926588911,-5.861152925853727
1.8395189275205004,-6.443611848015959,-6.406237949556733
-6.0986875971019705,-3.775153846219421,0.9514305007925712
3.858532344507928,-9.402563835782392,10.015445684153395
-9.134905088781286,6.992446120333972,2.0762684802102194
4.314812335778403,-9.176212550535064,9.356962488851579
4.442722597208876,-10.070578073394643,9.169379609670022
3.692687798854946,-9.74702591728784,9.636476447126434
4.080892361549159,-9.855667781708537,8.752652422841095
-2.3362305341360203,9.107661174561382,5.563543078764672
4.0610189562889465,-9.70940465305655,9.111660269435081
3.5988998150271856,-9.553802290339727,9.350157204569895
2.250377789702802,-6.935097832084167,-7.036926499431658
-3.084828987642463,9.006331965563556,4.657947899210409
-6.523102127039962,-3.7776391297438003,-0.13097947293586332
4.134291571229661,-9.488716014913246,9.455346947173606
2.264936018828751,-6.693084202486111,-7.3511770092430835
-2.239317660422775,9.106475984461305,4.8837374718797895
-2.1175539809064516,9.020587280688149,4.84446472761659
-6.682243668311704,-3.8501224716804567,0.16593787435490404
4.103303714289067,-9.667664566477134,8.79703833391786
-2.2819453100385587,8.855135783915163,4.467133364034697
-6.455991462957817,-3.3488488436071884,0.6620945700048847
-5.954765037872551,-4.075755666914112,0.6026647181076433
-3.0693771808302746,9.220164185310676,4.156064074871206
3.834331832688055,-9.16503040016007,9.368620603554607
-8.720332404817698,7.381137650445712,1.9295652956034253
-8.849494427588963,7.541811778589797,2.0378840006063657
2.087229039242521,-6.696451467566123,-6.712172458896634
-9.484344790717124,7.131834391191853,1.625373296841926
1.7550285311932714,-6.953882781816722,-6.902439622005961
-8.74610574729328,7.568244079260492,2.2804422813720993
-6.242937139389095,-3.77619970222897,0.5543163123341192
-2.1023256144815035,8.99268309172422,4.940938705595709
-7.090777826239615,-4.004137378530185,0.5675252131197915
2.4988508169678187,-6.5989236732070315,-6.498643064777699
-8.479356306136664,7.275964043590612,2.014108873011196
6.361921902963033,-5.611495903070364,-5.9182658472971985
-1.353378175856334,9.185553281406271,4.980548528282281
1.7360273473071384,-6.738186684010471,-6.3155022443334365
-8.934818272001225,7.946547310566955,2.1368808705336417
-2.9358737359320526,8.820314262925564,4.315414435143783
4.399498172086573,-10.112869706055406,9.789499116103332
-8.33314944919865,7.185857636638021,2.3459044848935644
2.4052048485755737,-7.082544881769051,-6.339827463402702
6.8308697337492905,-5.808176772050594,-6.203148961313823
-6.513333202292787,-4.576824957938967,0.7642484917108969
6.088890830600251,-5.4509636794834,-6.568889603585989
4.0584938732716855,-9.401838547127136,9.287313942426795
-2.557583336552553,9.135501385242684,5.20573460659126
-6.254584040888498,-4.287683313453733,0.5953815578182264
4.288531275598947,-8.969552638311008,9.077937168963604
-5.820678148054676,-3.5410876261488298,0.4765274298349477
-6.457119847012849,-4.003682115080617,0.78787364844817
4.094411761209353,-9.69310515291941,9.392371161473566
6.569985567245955,-5.746478018590863,-6.199364921305425
-2.4568242792031985,9.09155124541515,4.617545061498252
4.205489459516573,-9.104643925607323,9.667248837999546
6.816160134225973,-6.086655173515586,-6.289549222328386
4.550549919889241,-9.595170532773615,9.098406373551413
-9.437787961995642,7.598421217909448,2.1262467776335736
1.8653820567046142,-6.702430741943577,-6.547498519101074
6.8721104074584165,-5.807585038399908,-6.558312567354416
3.8255663259342056,-9.54604424001059,8.86766523357103
-6.597914079616361,-3.7547099399054726,0.8638227833914758
6.635809731064277,-6.2125500372011935,-6.209224229052637
1.7341011072995889,-6.7065055529971085,-6.941023209088844
6.221665670273392,-5.833213485204801,-6.492273981947586
-8.690118700751189,7.401725045245875,1.8572086887105497
6.7468762453891316,-5.663075478551228,-6.176838512644967
2.0050987522483013,-6.956120356377527,-6.42891169670114
-2.551911468559138,9.05037481771189,4.794210486445726
4.25386671777214,-9.705804684310488,9.478935125613418
4.0100190795524435,-9.336124106132585,9.5622171137003
1.9560859968244118,-6.787286660483653,-7.393160111072934
-3.02667297280666,8.84559986942603,4.336029500127775
4.350695061287342,-9.895566161382712,9.954424813140143
1.8225534166349486,-7.185997036290484,-6.667602659086141
6.798319340557471,-5.411173074878097,-5.889338449887475
4.310461322891865,-9.727903251117967,9.366412536948646
6.399719494041467,-5.59646355485475,-6.237981189591382
2.2505597888145625,-6.8617380801752175,-7.074190626587619
2.0029693755694997,-6.654211054139734,-7.380931177612358
2.47387614152755,-6.9575045965603515,-7.331052479211379
6.532713621071581,-5.766841151814148,-6.355884129695265
6.985162016205777,-5.753155666959017,-6.366290752199572
-8.668674862946547,6.795294087751958,2.2483027211955355
3.8594887863370166,-9.246346545745238,9.793331563441846
-2.160248497406262,9.017356046504197,4.345426240913716
1.7688541866982677,-6.627434126454653,-7.075896787066664
1.9809969990039822,-6.724329485010533,-7.097832737221986
6.5785304759135395,-5.988347486110396,-6.570662971552865
6.5960964946788145,-5.254776736716072,-6.357234709369199
-6.894875614743886,-3.729241707019405,0.30451991599706846
6.548629646714454,-5.583836008666397,-6.669399957465623
-6.0563734697486,-4.288870353743161,0.5116088659447119
-8.6767009589021,7.047320837574893,2.073108482074999
-6.551196685645966,-3.6877785858321595,0.7007809542818185
-6.732554273661291,-3.7693442539839546,0.030937435963247606
-1.9795613509684211,9.135780641486608,4.261613649927588
-9.093483892898801,7.149365880557286,2.1988737561903586
-6.571921372250618,-3.934212513193852,0.866360073049999
1.9179746830349282,-6.874097011231652,-6.775835081667445
4.2666405857029766,-9.441553975039652,9.588613483808418
1.5698345306304489,-7.155222775096529,-7.181351823301567
-6.6165847591787745,-3.390946181434578,0.7747861019228727
2.576231045570637,-6.932711359399485,-7.119598766637483
-2.5196111539643233,8.663682716912462,4.9827256805826075
6.696858283764272,-5.602682965584213,-6.028281011087249
6.915040067188459,-5.982203617688051,-6.352119305223707
-6.493646613876018,-4.079635779286769,0.7451288061788495
-8.852403930299765,7.466635163665639,2.045346802182252
6.388713751295166,-5.950652733157054,-6.454618464490987
-9.194607282344863,7.416469128566812,2.212433299143805
-6.6772140280171755,-3.7992581454657777,0.4337872663489208
-6.327224302746442,-3.6444719886732515,0.22280177860068118
6.307202880674205,-5.441484250208396,-6.386229941818626
2.0074379785393437,-6.834536662712707,-6.989193256940103
-2.9482521074923858,9.103122211317695,4.718195417882068
1.7818476886653372,-7.038926277651815,-7.067051751203376
1.977348471514616,-6.886864717284271,-6.8206841650455905
3.8396286481989668,-9.516536054850606,10.020421844164877
6.450258162669453,-5.6254516245765664,-6.357756322633262
-6.581826620031551,-3.640538058141197,0.3302665502660968
6.572366077942326,-5.790854064435347,-6.265136798610181
-2.5132467904741302,8.696972849511551,4.886642309859058
1.8054931297592556,-6.7664636286319135,-6.4104523845056445
-3.116740399050032,9.07022242262915,4.441342896797585
-9.10457540997664,7.19228542540168,2.2390146422125072
-8.71418802740056,7.267936617835391,1.9833540249441477
6.48369176116096,-6.119431514208724,-6.515942715152181
6.9111695702222535,-5.674449387733899,-6.305423682447724
-2.629563764618501,9.081513872741446,4.6436565564626395
4.437197808003909,-9.288135418671057,9.197010980516893
-2.4882569975557445,8.898692049139793,4.673934039803476
-6.6762172198760235,-3.8895923059190753,-0.40221215862545967
-8.88334443274577,7.361195851540166,1.9703786875790148
1.4767126823810013,-6.632676015962696,-6.858114203119426
4.146033438844363,-10.120219854546015,9.776773493454083
2.0463098980720917,-7.048850780372288,-7.2642009128772145
-2.4201022210827943,9.089433983302085,4.743813299077194
-2.5418256675898077,9.134799644828004,4.846922033741435
-2.2201847842794535,9.13812040627927,4.886496884226449
-3.1209672763807803,8.933464077864954,4.85514151296689
-6.742404314581167,-3.318972341040003,0.7685374492971737
-8.70931526247869,7.6326079517082555,2.0939369825721297
-6.4244546394680695,-3.187140194905589,0.6250165802529661
4.938320648526493,-9.414420162119878,9.495935938214537
-6.828376033799812,-4.203169029393084,0.45831595256604
1.9588562770981381,-6.88070795287844,-7.22761900003371
4.168717392922736,-9.164643947459322,9.374304625866172
-8.91604040038222,7.26461796077321,2.0008198570399567
6.532722905266115,-5.544556459164744,-6.108770022635045
6.379217601511497,-6.152311874156174,-6.420236773091098
6.517836895196257,-5.773057570822224,-5.733584119108033
-6.095192796718668,-3.8900071524304374,0.9182663762058083
-8.784021289024897,6.934473331111949,2.142206620389968
1.8888395960749456,-6.340321233096414,-6.687856734895844
2.4996079385360415,-7.504206013516387,-6.371172682788935
-5.814500808002991,-4.001389396629352,0.58132730396566
-6.479255927073955,-4.000617788820147,0.4182747068961432
1.3511526142182873,-6.9824334693753745,-6.9915418530746845
-9.484194934521755,7.440096496857993,2.7702000900940127
-8.77799804262152,7.638719234300987,2.3539580147515706
-6.684588184618779,-4.183676093492227,0.6742970981207727
4.43722023629347,-9.78875333974565,9.960186376105149
-8.540715051775054,7.27103498849008,1.7955766870163223
-6.179429211028947,-2.737283828878348,-0.13010524920481925
-6.920697510433097,-3.8102601266193377,0.025687801236140728
7.141654701985225,-6.023404006828837,-6.171983078175472
-2.4739994080601155,9.39758559693485,4.462407419577352
4.1514825587275705,-9.650745171265713,9.359635789808207
-2.952754220162978,8.798332865679908,4.501687204940165
-9.033111020155813,6.9563408354700265,2.0325252753419436
-2.605816077914453,9.258341293409222,4.270619541297915
-2.099135342819393,9.507776442248707,4.565168024361188
2.407263049246852,-6.820660758197798,-6.570556231435356
-9.201236179488342,7.503501534497564,2.481525484567285
1.925767314367035,-7.007691512135496,-7.1837409058539965
1.5275015720296405,-6.799512111390492,-6.613220354588916
-6.168865989330296,-3.8552120106936316,0.5743346570448582
6.6696561171193105,-5.969739052435653,-6.310454394216168
6.574745105784637,-5.860719832040844,-6.557763197548535
-8.516575555443069,7.214037096635837,1.7705373346624738
3.9251164303484374,-9.774564393559286,9.347753897664449
-2.0477866531129596,9.003538316465336,5.1092719329723035
-2.583886867596472,9.305757413484628,4.833491621103645
-9.069319725953603,7.393658689035927,1.5555315410030874
-2.357701439358613,9.274012686449359,4.279789914111369
2.166814938283055,-6.230650774159632,-6.972443063761847
-5.777327152942401,-3.96782432445901,0.6957250740721292
-6.4567681243969,-4.254175942521353,0.36012477524601316
-2.514751563850467,8.92768853652228,4.736694404329528
1.6796578506562225,-6.757151364436929,-7.390884674547299
-8.424300350391775,7.135854105045844,2.1410412948953983
-6.187289784730708,-3.8045351966139895,0.6132678221096327
1.9564942826675955,-6.795636603255324,-7.21775630746546
-8.29052484257193,7.526900676900484,1.8759268124204649
1.8994467647149487,-6.961444262075571,-7.689175586158418
4.251077428430615,-9.813847429112506,9.270289764378223
-9.277640220698956,7.390858461066695,2.336429725647822
-8.654495585117239,7.007498246546606,1.835169546655434
3.9133874497089507,-9.656253781654408,9.508406695284739
4.131405332976923,-9.64941223913704,9.134802267212917
-1.9401597282565661,8.94066969339746,4.413757986920855
4.3297273903032805,-9.676954209492699,9.607283364593107
-2.4699754498669226,9.446668114918156,4.20912019087427
4.069063097029197,-10.156394514170087,9.462185155451767
-8.896425594419926,7.108476219317862,1.4623392497422576
-8.801638505726325,7.486512324209619,2.036958255961887
-6.306203654510316,-4.192782528627122,0.5717437593470523
4.157115874657425,-9.42442483968284,9.400123724183167
-6.392357263115579,-3.917111535378083,0.6747669495133304
-9.083787421662702,7.322510578275417,1.971244848106697
-2.602277650030787,9.111536033944855,4.600835919917796
2.438319831784955,-7.179133403372908,-6.584812873732972
1.4209074145412384,-7.26350028117198,-7.0675551665846506
2.0354759900896653,-6.798153539992658,-7.26313416602204
-2.5808820371126733,8.742017029585842,4.466847437057601
6.213500108992968,-5.756844470788293,-6.739218689181923
1.9089730306730792,-6.894466304047,-6.677663745625965
4.485465975635304,-9.722506682781576,9.78250195176042
-6.171521077094593,-4.705879462514309,0.49614128462390555
2.3767956977872253,-6.401671203159451,-7.033474296205302
-6.910211576735007,-3.9988201590544725,0.7486760240000537
-8.912935094491074,7.805726588304701,2.169592720355651
-6.238517200898459,-3.4051679284363314,0.8165915783152229
4.161813198529576,-9.833436703404407,9.595970743769607
1.3098290912383663,-6.8089428237187,-6.648850035109857
-2.644217264496523,9.201141107902572,4.319592707413323
-2.052260399871853,9.17595914130372,4.328704989930165
6.8499970011808,-6.074774956346523,-6.829628285662807
-2.931436755365717,8.79875286182259,4.575844690714547
-2.507663586060012,8.943909988185778,4.215267613612977
-2.875450718044057,9.076945206699747,4.0519777990641686
4.0704976210706265,-9.348327543501336,8.91330386070891
-6.208980964143475,-4.173481513861317,0.9161396236823145
-8.739063686971674,7.57358160398138,1.424179542092739
4.182467204854864,-9.239746623301494,9.119991102982715
4.105308276419544,-9.292591115379992,9.754412858709312
4.274581674091565,-9.597088958189445,9.736012118471537
-2.650509114738247,9.083901109405613,4.205453533778904
-8.859477390053737,7.4694734086465635,2.0416425593072116
-2.2949974748251227,9.156257415570385,4.618030162431039
6.892814372032829,-5.83690666553402,-6.447428706406738
6.775328799192772,-5.501535636293593,-6.5486766118220645
-8.849880297486223,7.271734725516457,2.2873982161101774
1.6804077080475321,-6.563534652168919,-7.16492925992553
6.925347849585774,-5.791482522547737,-5.9101541767837835
3.6830406357408703,-9.434230082113036,9.238386791341313
-8.667632832880427,7.812041902437264,1.9085619125679296
3.9807879378123747,-9.447677837261445,9.0986814114834
1.9812354356390913,-6.8171123487670044,-7.492630053803234
6.1181300445417,-5.961631725761194,-6.486285387291919
6.939308214168294,-5.852610301389474,-6.547171676210313
6.43412481927521,-5.548602166720691,-5.91732680925721
-6.028470892308817,-3.512712366149981,0.27238336288324205
-2.4360914596051764,9.087776099530938,4.487795883616762
7.063289039615581,-6.140896594966162,-6.156588314284429
-8.617864420821066,7.522387296098927,2.374342392109773
7.019596302010517,-5.7999872398154775,-6.527986844805168
-5.728228669221094,-3.608042276977151,0.5699212113372759
4.573782983872154,-10.22901237827756,10.339521603337884
-2.4409596426715114,9.40642895448305,4.157633865859733
4.199365429784833,-9.006631414366465,9.098097645858214
-9.064610511641817,7.3042814115208055,2.1209289579552197
-2.385318186770063,8.84516876235713,4.393212717558172
-6.567338375369634,-4.026307570386254,0.07345852689116467
2.2349068824247755,-6.684566837763672,-6.909862352409761
-5.714946733482462,-4.25442167140702,0.6372182556881936
6.680621151943006,-5.577893892292732,-5.770568480503342
-6.455809149574354,-4.1931646334634385,0.4856968815323243
-2.9232280605172174,8.503271396391774,4.623214526559115
-6.046475019813897,-4.025107246919661,-0.01603284340325839
-8.429085627643857,7.3610902662930755,1.8934785725265997
-6.209327610620793,-4.007497682150911,0.24355289311058798
-1.881481440347112,8.712480913748411,4.2756222523917815
-6.192923243895891,-3.9021007402162056,0.6625704870003092
6.793412634523984,-5.589038347221087,-6.198835505262778
-2.761114175706983,8.834468334565114,4.002710118935159
-8.327663273245438,7.395748869345273,2.8028051691182942
4.554544179756792,-9.169604970846965,9.229546635266395
2.3239583610744337,-6.464979493840012,-6.685496626999054
6.723912877883944,-5.154517539499287,-5.430525089056379
-5.934170808668666,-4.301304211384521,0.0759931771108599
6.864308533720816,-5.6216750647915585,-6.357615658549791
4.579191145940207,-9.663324068463638,9.484805132023844
-8.472699201126815,7.259490054219641,2.469518075919161
-8.583261234001963,7.218927275176346,1.917522923568647
2.3014271394820165,-7.387366580065716,-6.421244497437763
-2.5988998281925104,9.041814361158972,4.043608161847834
-8.655586320363858,6.995829086096929,1.927377699955735
-2.283617713246718,9.251595712311236,4.36706259978968
6.323307658041096,-6.0008409454281635,-5.47877232826537
6.500915969288504,-5.320128185393832,-6.740452724141765
2.163721224445323,-6.564761376555469,-7.040680156744117
-6.636914741504273,-3.988379282911506,0.4833364463564679
-6.346578957973556,-4.336712094850318,0.47940729747151645
1.8065265481926556,-7.070843329343226,-6.523404633943681
-6.544783759356076,-4.292706614011846,0.43002351751744616
-9.338902978799288,7.443289852280287,2.216459016774998
-2.1733251496223773,8.975910850754092,4.3532167040479735
4.1799555108753,-9.459665163984779,9.606128725418829
4.2924194971682095,-9.317129661758093,8.689317312577334
-6.3043840575968115,-3.839483021881242,0.4602599197081698
4.219872414336542,-9.593922741017721,9.28164150731322
-2.6095479938050348,8.871802534850035,4.443880066455987
4.37428710106262,-9.718956025254904,9.55212878269271
3.8234213152479675,-9.946487616003667,9.441079971668998
-8.34659271500279,7.826833159721636,1.8562237623517772
-9.157861855558622,7.231955504192303,1.8394465742163908
4.0198243826117706,-10.182100057196687,9.622570120075146
4.232962250741345,-9.295750825149222,9.54852529422184
-6.071163425182255,-4.051816998616407,0.22835638417625997
-2.479302213526458,8.863243431963461,4.174679806908261
4.726827447701291,-9.125337055602294,9.251542216704005
4.51087336225806,-9.808687587123366,9.155121312135572
-6.303306543098931,-3.9941896056339203,0.6988714652762159
3.765444802554697,-9.771840841355537,9.387086004125363
-2.728307612567891,9.079223705072915,4.653550388199245
-6.3204384044433155,-4.349732565199309,0.4052256382427212
4.0986849937975505,-10.093341571750237,9.156436023291029
1.2460058859520449,-7.3547980381969875,-6.6519851964326575
5.867588659020296,-5.693533342395528,-6.232479090337935
-2.0652143813857426,9.037496620492607,4.381493575829622
-2.566299226477833,8.751600652182894,4.225038916938801
-8.711077972715435,7.480373561909353,1.850190233682602
4.089771926170001,-9.698357437628358,9.280669598526739
6.757942380795926,-5.487151569405286,-6.489729193962304
-6.069554680691567,-4.110084708863726,0.13416837602801396
-8.55997571821164,7.340626852967828,2.1028779185231525
1.361732323387376,-7.182053084426491,-7.441347169583703
6.894219713415945,-5.640294928605222,-6.63411612216524
6.954151256061486,-5.671769193186782,-6.198057773286131
1.5511713548862653,-7.156597164984541,-7.285614974960847
-8.474398446642255,7.366037989590675,2.718099096858684
2.2952592088986634,-7.187581780974588,-6.840218691031883
3.884728500571358,-9.103697407243118,9.301500902476484
-8.702267466181816,7.2502759249115085,2.3115263853506827
-8.618535733471337,7.299307941466129,2.045890791959003
-6.513969356288476,-3.77784916499318,-0.32912282017281314
-8.481133874200108,7.6083891561311,1.5768308443292045
6.704274989677153,-5.146135920665585,-6.361460702489988
-6.18710343676856,-3.789126793673693,0.6771838106094585
4.167845050522492,-9.01795290835805,9.3799987990955
6.17958033249512,-5.26805401394389,-6.332193874601024
6.55026727328374,-5.5722615571097736,-6.526734856492245
1.8434022275948458,-6.761291548437781,-7.006404937522025
6.839478225071203,-6.124995304890518,-6.345520866778089
4.450907045850146,-9.103635267019481,9.02789238167591
6.362670990189442,-5.875328680312511,-6.157605118770977
-6.477501553541684,-3.545892786862825,1.00063291625731
-9.003885200403744,8.090982701199179,1.853025955266959
6.717874043765856,-5.603894859707059,-6.163723380241649
-6.1947256815467515,-3.4784084441652157,0.7064805945921742
1.7280889826445611,-6.7690251984894,-6.998111236974155
4.95475456002602,-10.039201212602498,9.474318941688258
4.016628499266299,-9.874308696561565,9.434998138038324
-2.553314837503392,8.766636969160569,4.543463083732203
4.681206055766436,-8.91892007022616,9.589612373672113
-8.582303089001918,7.551201492434733,2.1066576620549884
6.800493863758423,-5.435154814184813,-5.535602644184665
3.969007077354023,-9.458733350681769,9.63831990080819
4.2464379173847515,-9.665981606195174,9.57420518368247
1.8393146539762981,-7.446489410434929,-7.01580148905067
-9.039814767017425,7.31585669420127,2.374118940641985
-6.30248954106964,-3.526393606250341,0.2794789163621382
6.476772284139366,-5.722660897855881,-5.898794610409431
1.9534446056188357,-7.046187049159229,-6.31576247244377
-8.89940186466672,7.14901864131411,1.7178732156563157
-6.644523126604255,-4.061316017167724,0.38955223729980454
-6.46910029945736,-3.928002155202718,0.5125354530872759
-8.983283695325822,7.795718944485713,1.6545705359634733
-2.5435595766285357,9.38563102179036,4.1615505385897915
-2.370566580773769,9.074004036870363,4.459813773080463
-2.486456255594632,8.811137614744688,4.932414756253427
-6.513103990722093,-3.98401973741735,0.0032833838871270116
-6.439798704667062,-3.8248229390517228,0.5502789875415086
2.0291524208876393,-7.013557275516429,-6.821882595406454
-2.2165340849160424,8.870533856844734,4.584181143228956
-2.535933634906587,8.622945278046865,4.840780600877113
6.7399983946898985,-5.5367490348966335,-6.432760568011418
-6.018383260705898,-3.871688790880178,0.5022995456302439
-2.689010129938882,9.015859238113777,4.653973014357524
-2.0986081557930456,8.72480909002429,4.845694274227633
7.069332393892364,-5.558082758673635,-6.814424746385933
6.799052532422799,-5.738285680280189,-6.361381708269534
2.0744504825632926,-7.003190280988011,-7.0263914604976945
6.8909895949996285,-6.045281646345818,-6.220593325051122
-8.654272364816885,7.0166851459391815,1.945087273637172
-6.449651134749586,-3.616183987635411,0.3551800188762979
1.5295938102067796,-6.536500978189191,-6.7785606710276225
6.554030959200321,-5.5684864415031345,-6.002335324707342
-6.30018366554988,-3.536043137512845,0.2412338394050365
-6.485868712285343,-4.130530808033526,0.425971245090682
-6.422523452778283,-4.013989476713373,0.7146898439312459
-9.033734824773559,7.1649379109737765,2.1982094404907038
6.453845635686366,-5.778249177371585,-6.798394221767547
-2.8049154369534133,9.165500082853676,4.480801550716369
4.364814151780181,-9.784532819022179,8.84900717418295
-2.0438520303959935,9.04898851848618,4.993667991447249
4.447392546094882,-9.502172864523404,9.214465830847754
6.536293901911255,-5.848532315461347,-5.979007517356857
4.4782685986407245,-9.521338439845204,9.381728843055
4.032660888565731,-9.796036408046108,8.976301804138336
2.038914782239914,-6.804812086038043,-6.4068736093469045
2.1209050631431765,-6.792876597978925,-6.143519551302679
6.491626296628058,-5.7075113248243605,-6.610226635572648
3.9746567474005734,-9.529927877512778,9.175455867530472
3.8856361784449818,-10.34739637090785,9.312395776675853
3.4341794778390264,-9.323096495175637,9.619250212367616
-6.404359036692557,-3.933684400767284,0.6389610880705764
-6.221665303289033,-4.009214046660965,0.7716690832379329
-6.347845998836587,-3.548084476083657,0.8240694027880224
-2.907653437722279,9.07334449895906,4.861418810226724
-2.7470594727314532,8.982177020211955,4.32930613950229
-8.793727519475377,7.222397124163291,1.8382794358018937
-9.033753157720344,7.1783571652824065,1.9261960424058797
6.787630203864621,-6.270959805071656,-6.566770051558684
-6.507295122128483,-3.924472820670516,0.2222236075502072
4.447313920081791,-9.104626636687357,9.7926713793151
4.126030997823586,-10.224866583786529,9.215850447111556
-8.577307437429385,7.472227481890484,2.0674259064072484
6.6045187203631945,-5.8891923091413805,-5.927760395516764
6.885964384823949,-5.65120239806381,-6.192316756692128
1.5509161755253857,-7.112972197428532,-7.213282346915696
-8.840149030097978,7.575070147834196,2.046849042428445
-6.3784875175787485,-4.487497408172462,0.2370131294109067
-1.7702249893071644,8.956577838763986,4.7303430389281855
-9.15177051484232,6.733615938685903,2.6391623738462724
-2.8802828363161748,8.618149144273039,4.796461305913171
6.96304812799487,-5.4023407887061445,-6.432317879078396
-5.892656631305592,-3.6160975087695033,0.5793195539917981
2.1199820523091075,-7.246265533818853,-6.66621006422423
-6.0858065991475865,-3.9252389102203593,0.6315509062870975
6.751029580928584,-5.636009010156034,-6.761442294351313
4.3877389548649814,-9.231636102641557,9.610688197400204
2.0589293011582033,-6.779290154155163,-6.6825463114740975
2.5271607827550318,-7.200652621049116,-7.337767144553368
-2.719813551215956,8.915987484218991,4.522246390288454
-2.686915800324411,8.755088897294376,4.6544353246115495
-2.1930570074422793,8.600985317811194,4.358531324253565
-3.2951211542796734,9.26085687951089,4.665992956699553
-5.804323657672784,-3.803523499027187,0.6118763913451358
-8.947924222029643,7.378927007258175,1.6181623480052667
-8.894419147531645,7.340517892967835,2.181208061171195
7.007085636922647,-6.047567445776381,-6.502821934550804
1.880305752146535,-6.781787284478635,-7.255443666191537
1.8922072033527206,-7.173256305885962,-7.01339757129878
2.219314338299941,-6.7274449818190805,-6.5601071863992
-6.277481816897132,-3.736646301058576,0.32790171671226087
-2.6669241295569783,8.786546329732213,4.684996972170963
1.9264665133231083,-6.529292572653328,-6.803783340285583
-2.65077718278958,9.340971307288532,4.65916284195674
-9.046199315974782,7.108000735827944,2.290777547947508
-5.949447290547707,-3.719698543407394,0.1538229315173123
3.967583362967768,-9.055716846301097,9.040105993712942
-6.139765864371077,-3.972306072608589,0.5923457411112254
-5.865661676716892,-3.6589623478435787,0.6195882827533303
4.061305708994106,-9.236372722807959,9.509089700899315
-6.163045544879017,-4.179099446859862,1.0912469661545896
-2.3105584206964362,9.490091173041927,4.268534186580046
3.785164728970134,-9.500242734433963,8.991222501852864
-6.745195053157595,-4.084587342060528,0.8015436212735767
-9.264870956658564,7.773923011085349,1.925496283211535
2.1854952645773746,-7.04836722391955,-6.69038727155929
-2.4018614149482653,9.182521486108792,4.964794209180685
-2.8410981152545585,8.65542414097412,4.883636582946361
4.526599112168558,-9.131915298507217,9.697690312684275
-6.063303173702543,-4.104628459558845,0.5710782040561516
-2.1920609551870753,9.11737161506886,4.110966789619281
-6.243222456307195,-4.370147905635482,0.9382089604802395
7.3726374424923105,-5.517836500065069,-6.369278769778306
2.2546548257335313,-7.034440609616483,-6.851273360193652
-6.648877095759399,-3.548230220680648,0.4174723125338078
4.18618348180126,-10.02557556392343,9.305434320124927
2.0340465901961218,-7.33435042565044,-6.415858032876928
-9.013250988206693,7.27338640136278,2.1070742200106656
4.301759507450539,-9.262574216602147,9.427591989281154
2.36838790363103,-6.82034730974355,-6.257531331488367
6.600014944186747,-5.74094203381576,-6.6641568925924295
7.358014564394244,-5.9890135962249715,-6.77781403680412
1.9871006483875766,-7.2875840334452455,-6.6562335234677805
1.7631334394589802,-6.521113202473817,-7.337065664711079
-6.22615831242426,-4.08626055073335,-0.051052357519797864
-8.67737480356489,7.053982520961392,2.030754582074914
-5.844122128322705,-3.2495210707748052,0.44741506952474186
-8.880204645082562,7.655977760519958,1.7103284567265165
2.1776198931525195,-6.871131678312132,-6.871182751427223
4.283567242058269,-9.879807134446336,8.984311593803207
-6.491201072274913,-4.015696475160681,0.5978299829916437
-8.879864551831142,6.956233444611893,1.9595932576783681
6.790453497284218,-5.7304312060596505,-6.140695930350071
6.852664800895386,-6.097855996982074,-6.163606905585224
2.281916375138425,-6.737847946427357,-6.803300672981784
2.1826366780248088,-6.761581575524745,-6.611551627267627
-2.406852030607757,9.097293367997327,4.888033810938908
-1.8632428857992833,8.784081859331907,4.901575027244305
2.2974039016071184,-6.629450544786599,-6.742355569507415
4.6746355676954865,-9.619644879645193,9.347550526282882
-6.481828855776813,-4.073029497764471,0.9116299661072915
6.398309945519429,-5.126356169926045,-6.845798963993405
4.527761664578515,-9.413680803043366,9.330251813584937
5.917207668525507,-5.7935015350903685,-5.9366762150280055
1.6412119113182309,-6.107619250176312,-6.8623440630716
-8.825184315042277,7.279422315010157,2.3114639699026487
3.94892952584777,-10.042424431867799,8.857255140363103
4.221622315090192,-9.243718909255337,9.093450497546367
-8.82872651191628,7.097497554394848,2.1602918777459106
-2.3450684087017386,8.953628332468153,4.5745744752599355
6.977998629534544,-5.896869023236998,-6.622333385070924
7.045244025690339,-5.327336885080386,-6.543627725579599
-2.7235030484606604,9.57401848154175,4.782028712501638
-2.757366906118447,9.170090082470674,5.099700510128875
-6.366939577669898,-4.1058224932305665,1.0167840382007567
1.7664133385138616,-6.358838050201696,-6.820736358237152
6.484848790632256,-5.834714319532293,-5.861465028768427
4.49173944642048,-9.000805877817774,9.029332164904162
-8.481486609958619,6.9552405709576055,2.201520255819133
4.167106442804363,-9.375845787106984,9.468161882618936
2.4062990651627096,-6.904272544669041,-6.544920843799508
-6.268524695247482,-3.555131453881187,0.34755789839289575
-8.95017770226354,7.841612070868725,1.902409379179795
6.344324558460075,-5.996475039797579,-6.740774013532373
4.3268971687330495,-9.575229380172216,9.906712355369113
-2.2345769877421278,9.112911461096227,4.480950775097989
-8.219876683645092,7.686032784676646,2.3295189926076145
-8.728839455896143,8.044547591070186,2.0050145957541
2.7628843033919495,-6.731631820887003,-6.8246587561674845
-6.437334073645443,-3.446131133159613,0.24960003286215687
2.3993209583376887,-7.0508510792761125,-7.129816265207215
-2.635391219882358,8.91147177324029,4.399195655461615
7.256145702994491,-6.16216998781232,-6.306588805574869
2.1593713132059356,-6.826316890871294,-7.280712900888977
-2.713205039526297,9.083962237346622,4.727800578217706
-2.6548066874014813,9.038848370014218,5.334276406230154
1.7150456743555462,-6.994993854420217,-6.578221750511615
-5.805267093436677,-3.4432492232447887,0.3553869619093084
-2.787276764526175,8.996428521379782,3.6674986342073796
6.71806308772404,-6.131267215986251,-6.548409078269831
6.658691914631912,-5.980766386844498,-6.432620870119718
2.0364749241015176,-6.908641124712388,-7.043585319318631
2.3179516818264347,-7.0905801186890365,-6.890606140425035
-2.415925353373349,9.456892993283187,4.897176723188707
4.573914481665364,-9.782099367821312,9.15843944124481
1.9010720644932915,-6.99207343341615,-6.666821602814899
2.395973915996406,-6.189957754065495,-6.988961161407844
3.687094345311269,-9.319798619861116,9.253278727734854
-2.253467622613883,8.776529906668511,4.605457903788031
2.1074822519459264,-6.6868103631910065,-6.481363834236217
-8.806715104792222,6.923315267023241,1.8418899416788115
4.435526943790884,-9.829263799288054,9.846003613927742
6.964437101325311,-6.052635974628801,-6.478692037443693
6.856896489582634,-5.870821578410216,-6.045519740644001
6.469599757600943,-5.326506827924924,-5.841830756718714
-2.4986185574612314,8.804368475800546,4.704072809448368
1.9946395551065497,-7.022924425180805,-6.736415645552029
4.138100396817069,-9.64245408816114,10.356129313593344
2.1777371308286253,-6.32561499343046,-6.704931137678157
-9.322396175999033,7.764874013746786,1.9595031317186158
-6.616414204198584,-3.7761932531795086,0.08498729070668354
6.825418796939652,-6.232655091999601,-6.224848856033405
-8.855058479933323,7.49102098925522,2.045101852287899
6.51782354483697,-6.235190916656081,-5.838625484596362
-9.11830814435797,7.19053824014125,1.7568594206561055
-5.887410782192544,-3.3263789836500073,0.4962373341991115
-2.3203089704756663,8.7655876249217,4.47182452416901
-8.926812660123618,7.697845537300823,1.820253047591015
6.497960384843033,-5.674171621835159,-6.27523341715394
4.328132895721944,-9.561435909707376,9.338995517147689
-2.3206939702734664,9.010612096344246,4.370702524782352
-6.306141901043325,-4.580945252633506,0.42618874347219915
-8.675888938174573,7.551269463589497,1.8493471146461598
-8.627975933942741,7.2342538644907055,2.4350122788576614
3.9837122781750405,-9.59623184117163,9.482245390885769
-6.066340358034626,-4.092861927504861,0.5321929414314319
1.9568812239853883,-6.948907550213874,-6.671247683831921
2.1908996711103397,-6.735324421630256,-6.812944385992207
6.285501237224201,-5.533988550714519,-6.359218735507057
-8.191135292656359,7.141808438597701,2.244928846466968
4.269902613482739,-9.93142797628015,9.430764954972844
-8.551317061597635,7.087726077346319,1.6229303487968423
-6.792581439893455,-3.688118536813151,0.678869270848838
-6.388108508453236,-4.586624510806737,-0.1410814131457626
3.6627039595102064,-9.278546252781453,9.73620858428816
2.511537042996068,-7.034910580862121,-6.812973207784277
-6.2674958479801655,-3.44171972354059,0.7907635383293228
-2.5716342981599327,8.866385847800672,4.463069409144838
-2.936622078916787,8.850971310840766,4.673155613141061
4.096975246834289,-9.680720399339673,9.632095202920688
-8.7829623656769,7.7861559012690655,2.6241281013119124
4.311704898404246,-10.128627434329772,9.23539490331968
-9.692890542825033,7.668152625610334,1.5003861012307458
-8.890211574613037,7.837035459541406,1.6107298919847688
3.9588980734285943,-9.631665715298606,9.160471066939898
2.164747421573944,-7.378083209831958,-6.899933532870142
-8.162597015032718,7.618052561596182,1.924850819811589
-6.231392394206089,-3.8203083536544122,0.6359089095873152
3.596896842271617,-9.752927586406239,9.42605051358222
4.403868895405252,-9.478123920063549,9.949652146278423
-8.798265485201325,7.27778196458454,2.234732837870753
6.273730495817521,-5.571863188527867,-6.098800737160965
2.23405145997243,-6.472935833509784,-6.756079122308837
4.315377181950097,-9.370781378029552,9.553050529374374
2.2878724516917988,-7.090930298314098,-7.3026479821850145
-8.748539982514062,7.714045302318342,2.4907535938822316
7.0509911315455405,-6.143092157512756,-6.114580930494236
1.9007988665838331,-6.774010572196981,-7.25557142053308
-2.4066708303196025,9.577137379963087,4.9250059876839165
-2.4800988335549348,9.192833235829395,4.39441263125806
-8.348298296945682,6.979619297593096,2.1130908744358856
-6.212531687947281,-3.3723632358893125,0.4297148640270451
3.873619784903865,-9.699972146905267,9.724821629151142
4.653440914732327,-9.365671866762384,9.420827134910365
6.450756474166401,-5.543569260373716,-6.2372087725411705
3.8903409977018706,-9.49100232956747,9.044485105891946
-8.878532906637886,7.3279293739174625,1.7868307409395037
2.70689527782578,-6.840860836558702,-6.847291154894479
-2.0030551325309807,9.278778055283157,4.637487043833116
1.744191936977977,-7.421091821350625,-7.368372324640895
6.340041363553814,-6.159018872187537,-6.820208411723355
6.371582872727944,-5.486158263097041,-6.052925855440862
-2.4889420786297176,9.632510505662918,5.166481088961063
6.787471083984005,-5.518200633649698,-6.438962321671337
6.647174010359722,-5.552595289756723,-6.6910109186997815
1.5593739155363737,-7.098906203133846,-6.890047685138086
2.0732683155268163,-6.5683652078739,-7.033114512932371
1.5687140573090181,-6.656647962944455,-6.828849961837564
-6.688809800658432,-4.102458757723213,0.4397710253480024
2.5119329858693886,-7.063463798296586,-6.9964200612567415
-6.519612989180187,-4.310929299188876,0.43423444142606016
-5.950203752899293,-3.695407509975305,0.5817457314922643
-6.6128617153682026,-4.115489007749911,0.5827864511426692
1.8485833097704916,-6.689792631319385,-6.198901735934628
6.755536820644133,-5.847135195591423,-6.363713234230981
6.626067508915679,-5.84917204341093,-6.317973258183366
2.071247896069981,-6.945357349793929,-6.6312879189209
6.537994737358428,-5.792659565135978,-6.115686504425536
-6.5873317332094175,-3.8625917151366918,1.39070633342578
-6.404924996743829,-4.00510659969171,1.0663696095166593
-9.152401051440592,7.484518741256889,2.3780114812630746
-5.876124625838793,-3.761917514250967,0.8043028083319744
-8.826150249274846,7.112925409156676,1.8234299595988912
-2.6499503186841618,8.500345769471059,5.046040548477725
6.072950869149139,-5.757369110262748,-6.57041898807724
-2.058490507423942,9.036514562324253,5.128463499899489
-2.340306852045579,8.819093357461773,4.493741221098692
7.110232391532201,-6.089981228307801,-6.6387515021622665
-9.305302326233935,7.195088367208929,2.472528172054469
-2.354687042890152,9.168421913471985,4.794393142119915
-2.2730722419300147,9.361864801900543,4.393674140722588
-8.538924723678115,6.454646302040596,2.648812646298394
1.899016469184553,-7.08422246555061,-7.180595596244421
-2.399218149223696,8.732322192300115,4.485718761027093
-8.3457232085951,7.626468042301493,1.8158551313108586
2.032126034851173,-6.666926063874716,-6.907030301562115
-6.555883306893396,-3.96818738974398,0.030543142985633265
-6.1225388211696155,-4.04806834714779,0.35128074242498425
-2.453807465493059,9.092250966472848,4.8744256977612945
-8.841063455629271,7.649291585248177,2.1647097047281614
-2.4541950213312447,9.671227008163623,4.397389350621556
-6.586438393188568,-3.7432167968368857,-0.040631314935476115
-6.045319635459998,-3.6523411030503072,0.9369298353700519
3.9015991014565587,-9.29747295392593,9.526355351801392
-6.145096435761243,-3.726296265542702,0.2538339047467596
-6.273402307722885,-4.142639761475523,0.1559440321634994
-6.60924959937019,-3.446288510256786,0.412930708095966
-8.845634134314306,7.966204023082263,2.540563185894389
-9.05898673941294,7.694350868061834,2.3496932710424563
6.8529176476435705,-5.395465532691085,-6.897076931059942
-8.770922338910445,7.60330016506063,1.5967905149842663
3.845346830177003,-9.908650990557708,9.683289320831959
-2.40070681553846,8.820750201816784,4.7482975178806255
-9.259109338175918,7.848395938454785,1.6491412642467902
-6.253777123931257,-4.076807697667067,0.19256222742189483
4.031965462105495,-9.467191086982968,9.390938361322611
-9.331947380723078,7.6302940451015955,2.7542259567659575
-5.745662572806237,-4.066879152087827,0.17745635652777714
-2.411972432234312,8.898761444073427,4.436802236136314
-9.129811968189205,7.683647087882031,1.825231951172757
-6.250892595413897,-4.488831633435178,0.4745384188191167
1.715662349886368,-6.6695342273285725,-7.052800941147279
-6.007102486765202,-4.056492536354609,0.467037776023006
-8.922530279696042,6.8156358712400875,1.9927983468257506
-2.8269616796194357,8.99548239901637,4.926421532378473
6.659098541254843,-6.0793915680933175,-6.689248194523543
-9.615640444279483,7.159649581022959,2.1398414364849394
3.8808199453075303,-9.26251547923144,9.237408009705671
6.664119126565241,-5.701215287123355,-6.290314696485438
-8.42072707073263,7.599017897299397,1.5511500537772225
4.648855093461777,-9.491386332149142,9.322490992601999
-2.854495696279441,9.126995533702024,4.45968722925246
6.474836843597423,-5.681396436273864,-6.213595122767107
-2.3552173931187435,9.043409393002733,4.930472333387968
-5.523999703737175,-3.810215133438873,0.1939122535921542
1.9633437028759324,-7.0426546224913995,-7.093963328079096
-8.864812371141387,8.097435716795,1.7811978644732565
6.793527501812632,-6.124516513132666,-6.102753836541206
4.083587552645734,-9.3666669698177,9.582807288443803
6.277120693312265,-6.193475366160209,-6.314072403487033
-2.5967057479907334,8.833774144529503,5.195562291580782
-2.2522779847557084,9.078514251437383,4.266157202614505
6.766577606162066,-5.905906874146726,-6.371172949515586
2.0291997132838553,-7.106242070857267,-7.063564934173531
-8.3365560405847,7.449228618308517,1.810796678136653
6.753155761069936,-5.899386355668542,-6.566213079606471
1.9978548807233591,-6.559983078631665,-7.035296128306058
6.372294872070841,-6.054404998058926,-6.301320457038305
3.8104765052078227,-10.449988778068446,9.389942571724696
7.084831015004746,-6.154799526351452,-6.155625068948504
4.498685371916713,-9.304052175447094,9.166333742892803
-9.604504097106597,7.603818888870485,1.6122366253395493
-2.832521056431542,8.799695015420332,4.8437581609085045
1.8112417798479234,-7.113118608771964,-6.821356016746642
4.187294720834822,-9.909951817679634,8.521791898191504
-8.264118350475975,7.266318195269699,2.0875300968180923
-2.2313443587932578,9.58711112033936,4.220308564082359
6.541744055766453,-5.486102837378541,-6.190939151026018
-8.75811006241444,7.420032257357507,1.821873098771261
4.1365198841323005,-10.039726226293253,9.626213832346767
-8.660569671875656,7.557031238348695,1.8569445199656156
-6.233563451078398,-3.6378740989478966,0.19095984695699597
-2.7584826579760615,9.095423175932273,4.62480740339336
3.9734363885439192,-9.329592072369124,9.684134556852712
4.339518572605168,-10.470426704483234,9.594967276198814
3.9457055601481827,-9.651649185732259,9.10204318509453
4.167689668223531,-9.806710996452692,9.343328110908434
6.4881123770927465,-6.2654251737123605,-6.698457987842585
6.675450093296867,-5.694023074212798,-6.548796224488292
