LocID;Location;VarID;Variant;Time;MidPeriod;PopMale;PopFemale;PopTotal;PopDensity
4;Afghanistan;2;Medium;2020;2020.5;19976.265;18952.076;38928.341;59.627
903;Africa;2;Medium;2020;2020.5;669878.34;670719.7729999999;1340598.113;45.216
1823;African Group;2;Medium;2020;2020.5;668995.562;669831.029;1338826.591;45.571000000000005
1560;African Union;2;Medium;2020;2020.5;669307.822;670116.0989999999;1339423.921;45.182
2080;African Union: Central Africa;2;Medium;2020;2020.5;79260.91;79358.728;158619.638;30.066
2081;African Union: Eastern Africa;2;Medium;2020;2020.5;195662.618;196901.054;392563.672;61.404
2082;African Union: Northern Africa;2;Medium;2020;2020.5;104150.287;102882.612;207032.899;29.429
2083;African Union: Southern Africa;2;Medium;2020;2020.5;90292.138;93710.05;184002.188;31.143
2084;African Union: Western Africa;2;Medium;2020;2020.5;199941.869;197263.655;397205.524;78.921
1200;African, Caribbean and Pacific (ACP) Group of States;2;Medium;2020;2020.5;588776.009;590903.897;1179679.906;48.849
8;Albania;2;Medium;2020;2020.5;1464.714;1413.086;2877.8;105.029
12;Algeria;2;Medium;2020;2020.5;22153.808;21697.235;43851.043;18.411
16;American Samoa;2;Medium;2020;2020.5;;;55.197;275.985
1533;Andean Community;2;Medium;2020;2020.5;56045.016;57125.803;113170.819;30.413
20;Andorra;2;Medium;2020;2020.5;;;77.265;164.394
24;Angola;2;Medium;2020;2020.5;16260.87;16605.398;32866.268;26.363000000000003
660;Anguilla;2;Medium;2020;2020.5;;;15.002;166.68900000000002
28;Antigua and Barbuda;2;Medium;2020;2020.5;47.269;50.659;97.928;222.564
32;Argentina;2;Medium;2020;2020.5;22049.146;23146.631;45195.777;16.515
51;Armenia;2;Medium;2020;2020.5;1393.747;1569.487;2963.2340000000004;104.083
533;Aruba;2;Medium;2020;2020.5;50.642;56.124;106.766;593.144
935;Asia;2;Medium;2020;2020.5;2373462.035;2267592.751;4641054.786;149.55200000000002
1207;Asia-Pacific Economic Cooperation (APEC);2;Medium;2020;2020.5;1494842.389;1477407.093;2972249.482;49.426
1824;Asia-Pacific Group;2;Medium;2020;2020.5;2364058.09;2257624.14;4621682.23;147.46
1557;Association of Southeast Asian Nations (ASEAN);2;Medium;2020;2020.5;333265.465;334035.947;667301.412;154.26
36;Australia;2;Medium;2020;2020.5;12698.625;12801.256;25499.881;3.319
927;Australia/New Zealand;2;Medium;2020;2020.5;15068.788;15253.326;30322.114;3.816
40;Austria;2;Medium;2020;2020.5;4439.691;4566.709;9006.4;109.289
31;Azerbaijan;2;Medium;2020;2020.5;5064.664000000001;5074.511;10139.175;122.664
1525;BRIC;2;Medium;2020;2020.5;1627424.392;1550397.636;3177822.028;85.664
1526;BRICS;2;Medium;2020;2020.5;1656640.404;1580490.314;3237130.7180000003;84.499
44;Bahamas;2;Medium;2020;2020.5;191.093;202.155;393.2480000000001;39.286
48;Bahrain;2;Medium;2020;2020.5;1100.474;601.109;1701.583;2238.925
50;Bangladesh;2;Medium;2020;2020.5;83259.108;81430.275;164689.383;1265.187
52;Barbados;2;Medium;2020;2020.5;139.084;148.287;287.371;668.305
112;Belarus;2;Medium;2020;2020.5;4399.367;5049.954000000001;9449.321;46.569
56;Belgium;2;Medium;2020;2020.5;5744.335;5845.281;11589.616000000002;382.7480000000001
84;Belize;2;Medium;2020;2020.5;197.761;199.86;397.621;17.432000000000002
2067;Belt-Road Initiative (BRI);2;Medium;2020;2020.5;1699358.892;1703702.9030000002;3403061.795;50.461000000000006
2068;Belt-Road Initiative: Africa;2;Medium;2020;2020.5;596075.747;596583.829;1192659.576;49.226000000000006
2069;Belt-Road Initiative: Asia;2;Medium;2020;2020.5;795803.2690000001;776722.4559999999;1572525.725;91.609
2070;Belt-Road Initiative: Europe;2;Medium;2020;2020.5;196661.224;217234.151;413895.375;21.669
2071;Belt-Road Initiative: Latin America and the Caribbean;2;Medium;2020;2020.5;103047.229;105522.726;208569.955;33.676
2072;Belt-Road Initiative: Pacific;2;Medium;2020;2020.5;7771.423000000001;7639.741;15411.164;20.51
204;Benin;2;Medium;2020;2020.5;6054.2480000000005;6068.95;12123.198;107.513
60;Bermuda;2;Medium;2020;2020.5;;;62.273;1245.46
64;Bhutan;2;Medium;2020;2020.5;410.087;361.525;771.612;20.243
1527;Black Sea Economic Cooperation (BSEC);2;Medium;2020;2020.5;163419.387;179937.799;343357.186;18.538
1569;Bolivarian Alliance for the Americas (ALBA);2;Medium;2020;2020.5;29044.343;29646.005;58690.348;26.739
68;Bolivia (Plurinational State of);2;Medium;2020;2020.5;5858.019;5815.01;11673.029;10.775
535;Bonaire, Sint Eustatius and Saba;2;Medium;2020;2020.5;;;26.221;79.942
70;Bosnia and Herzegovina;2;Medium;2020;2020.5;1606.609;1674.206;3280.815;64.33
72;Botswana;2;Medium;2020;2020.5;1139.099;1212.526;2351.625;4.149
76;Brazil;2;Medium;2020;2020.5;104435.783;108123.626;212559.409;25.431
92;British Virgin Islands;2;Medium;2020;2020.5;;;30.237;201.58
96;Brunei;2;Medium;2020;2020.5;226.987;210.496;437.483;83.014
100;Bulgaria;2;Medium;2020;2020.5;3374.121;3574.324;6948.445;64.006
854;Burkina Faso;2;Medium;2020;2020.5;10444.713;10458.565;20903.278;76.40100000000001
108;Burundi;2;Medium;2020;2020.5;5899.8640000000005;5990.917;11890.781;463.037
132;Cabo Verde;2;Medium;2020;2020.5;279.117;276.871;555.988;137.96200000000002
116;Cambodia;2;Medium;2020;2020.5;8162.424;8556.546999999999;16718.971;94.714
120;Cameroon;2;Medium;2020;2020.5;13277.075;13268.789;26545.864;56.157
124;Canada;2;Medium;2020;2020.5;18732.178;19009.979;37742.157;4.15
915;Caribbean;2;Medium;2020;2020.5;21494.216;22038.158;43532.374;192.613
1530;Caribbean Community and Common Market (CARICOM);2;Medium;2020;2020.5;9321.066;9528.757;18849.823;43.582
136;Cayman Islands;2;Medium;2020;2020.5;;;65.72;273.833
140;Central African Republic;2;Medium;2020;2020.5;2394.042;2435.722;4829.764;7.752999999999999
916;Central America;2;Medium;2020;2020.5;88051.465;91618.721;179670.18600000002;73.267
5500;Central Asia;2;Medium;2020;2020.5;36812.175;37526.751;74338.92599999999;18.931
1545;Central European Free Trade Agreement (CEFTA);2;Medium;2020;2020.5;12614.913;13131.745;25746.658;87.771
921;Central and Southern Asia;2;Medium;2020;2020.5;1037597.732;977110.799;2014708.531;195.093
148;Chad;2;Medium;2020;2020.5;8200.17;8225.689;16425.859;13.045
830;Channel Islands;2;Medium;2020;2020.5;86.07;87.789;173.859;915.047
152;Chile;2;Medium;2020;2020.5;9425.669;9690.54;19116.209;25.71
156;China;2;Medium;2020;2020.5;738247.34;701076.434;1439323.774;153.312
1105;China (and dependencies);2;Medium;2020;2020.5;753833.4190000001;717453.46;1471286.879;156.11
344;Hong Kong;2;Medium;2020;2020.5;3439.666;4057.322;7496.988;7139.9890000000005
446;China, Macao SAR;2;Medium;2020;2020.5;312.1;337.242;649.342;21717.124
158;Taiwan;2;Medium;2020;2020.5;11834.313;11982.462;23816.775;672.6
170;Colombia;2;Medium;2020;2020.5;24984.564;25898.32;50882.884000000005;45.861
1566;Commonwealth of Independent States (CIS);2;Medium;2020;2020.5;137505.353;153087.485;290592.838;13.688
2074;Commonwealth of Nations;2;Medium;2020;2020.5;1313314.739;1252070.811;2565385.55;85.58
2075;Commonwealth: Africa;2;Medium;2020;2020.5;291777.322;292216.545;583993.8670000001;76.34
2076;Commonwealth: Asia;2;Medium;2020;2020.5;944219.493;881433.68;1825653.173;427.406
2077;Commonwealth: Caribbean and Americas;2;Medium;2020;2020.5;22129.328;22468.486;44597.814000000006;4.774
2078;Commonwealth: Europe;2;Medium;2020;2020.5;34367.349;35167.555;69534.90400000001;276.492
2079;Commonwealth: Pacific;2;Medium;2020;2020.5;20821.247;20784.545;41605.792;4.917
174;Comoros;2;Medium;2020;2020.5;438.653;430.942;869.595;467.273
178;Congo;2;Medium;2020;2020.5;2756.678;2761.414;5518.092;16.158
184;Cook Islands;2;Medium;2020;2020.5;;;17.564;73.183
188;Costa Rica;2;Medium;2020;2020.5;2545.076;2549.038;5094.1140000000005;99.767
1638;Countries with Access to the Sea;2;Medium;2020;2020.5;3635228.487;3563974.844;7199203.331;63.752
2094;Countries with Access to the Sea: Africa;2;Medium;2020;2020.5;500195.005;499014.556;999209.561;46.898
2095;Countries with Access to the Sea: Asia;2;Medium;2020;2020.5;2291189.829;2183033.0130000003;4474222.842;183.546
2096;Countries with Access to the Sea: Europe;2;Medium;2020;2020.5;327753.427;351313.275;679066.702;31.665
2097;Countries with Access to the Sea: Latin America and the Caribbean;2;Medium;2020;2020.5;312146.375;323010.398;635156.7729999999;34.041
2098;Countries with Access to the Sea: Northern America;2;Medium;2020;2020.5;182580.522;186289.122;368869.644;19.777
2099;Countries with Access to the Sea: Oceania;2;Medium;2020;2020.5;21363.329;21314.48;42677.809;5.029
191;Croatia;2;Medium;2020;2020.5;1979.292;2125.976;4105.268;73.361
192;Cuba;2;Medium;2020;2020.5;5623.468000000001;5703.148;11326.616000000002;106.413
531;Curaçao;2;Medium;2020;2020.5;75.469;88.631;164.1;369.595
196;Cyprus;2;Medium;2020;2020.5;603.514;603.847;1207.361;130.667
203;Czech Republic;2;Medium;2020;2020.5;5272.522;5436.46;10708.982;138.64600000000002
384;Côte d'Ivoire;2;Medium;2020;2020.5;13300.38;13077.895;26378.275;82.95100000000001
408;Dem. People's Republic of Korea;2;Medium;2020;2020.5;12608.379;13170.436000000002;25778.815;214.092
180;Democratic Republic of the Congo;2;Medium;2020;2020.5;44710.172;44851.232;89561.40400000001;39.506
208;Denmark;2;Medium;2020;2020.5;2879.361;2912.842;5792.203;136.512
1106;Denmark (and dependencies);2;Medium;2020;2020.5;2934.591;2963.2490000000003;5897.84;12.983
262;Djibouti;2;Medium;2020;2020.5;518.993;469.009;988.002;42.623000000000005
212;Dominica;2;Medium;2020;2020.5;;;71.991;95.988
214;Dominican Republic;2;Medium;2020;2020.5;5418.206;5429.698;10847.904;224.501
1737;ECE: North America-2;2;Medium;2020;2020.5;182518.194;186226.61;368744.804;20.215
1736;ECE: UNECE-52;2;Medium;2020;2020.5;635033.425;666449.063;1301482.488;28.742
1744;ECLAC: Latin America;2;Medium;2020;2020.5;315765.065;326168.967;641934.032;32.709
1746;ECLAC: The Caribbean;2;Medium;2020;2020.5;5861.979;6162.838000000001;12024.817;23.975
1071;ESCAP region: East and North-East Asia;2;Medium;2020;2020.5;843641.423;810631.429;1654272.852;143.537
1074;ESCAP region: North and Central Asia;2;Medium;2020;2020.5;112812.112;124552.858;237364.97;11.588
1075;ESCAP region: Pacific;2;Medium;2020;2020.5;21357.259;21307.954;42665.213;5.0280000000000005
1073;ESCAP region: South and South-West Asia;2;Medium;2020;2020.5;1042421.682;982286.99;2024708.672;282.396
1072;ESCAP region: South-East Asia;2;Medium;2020;2020.5;333931.707;334688.147;668619.8539999999;154.035
2061;ESCAP: ADB Developing member countries (DMCs);2;Medium;2020;2020.5;2079913.169;1984321.636;4064234.805;164.725
2058;ESCAP: ADB Group A (Concessional assistance only);2;Medium;2020;2020.5;80964.198;84493.681;165457.87900000002;72.81
2059;ESCAP: ADB Group B (OCR blend);2;Medium;2020;2020.5;937587.98;875029.171;1812617.151;286.743
2060;ESCAP: ADB Group C (Regular OCR only);2;Medium;2020;2020.5;1061360.991;1024798.784;2086159.775;129.745
1054;ESCAP: ASEAN;2;Medium;2020;2020.5;333265.465;334035.947;667301.412;154.26
1057;ESCAP: Central Asia;2;Medium;2020;2020.5;45171.813;46258.697;91430.51;22.26
1055;ESCAP: ECO;2;Medium;2020;2020.5;259569.642;253061.151;512630.793;65.459
2049;ESCAP: HDI groups;2;Medium;2020;2020.5;2354164.183;2273467.378;4627631.561000001;88.98200000000001
1060;ESCAP: Landlocked countries (LLDCs);2;Medium;2020;2020.5;82272.20599999999;84559.73800000001;166831.94400000002;25.063
1059;ESCAP: Least Developed Countries (LDCs);2;Medium;2020;2020.5;156263.988;158110.185;314374.173;151.069
1058;ESCAP: Pacific island dev. econ.;2;Medium;2020;2020.5;6288.471;6054.628000000001;12343.098999999998;22.828000000000003
1056;ESCAP: SAARC;2;Medium;2020;2020.5;958377.151;897999.5009999999;1856376.652;389.049
2048;ESCAP: WB High income econ.;2;Medium;2020;2020.5;109934.666;113370.814;223305.48;26.466
2045;ESCAP: WB Low income econ.;2;Medium;2020;2020.5;45933.079000000005;47910.885;93843.964;102.38
2046;ESCAP: WB Lower middle income econ.;2;Medium;2020;2020.5;1237839.68;1176349.52;2414189.2;234.213
2047;ESCAP: WB Upper middle income econ.;2;Medium;2020;2020.5;960447.365;935826.37;1896273.735;58.628
2044;ESCAP: WB income groups;2;Medium;2020;2020.5;2354154.79;2273457.589;4627612.379;88.98299999999999
2053;ESCAP: high HDI;2;Medium;2020;2020.5;109643.588;113084.663;222728.251;26.467
1064;ESCAP: high income;2;Medium;2020;2020.5;109757.335;113198.85;222956.185;26.438
2054;ESCAP: income groups;2;Medium;2020;2020.5;2354164.183;2273467.378;4627631.561000001;88.98200000000001
2050;ESCAP: low HDI;2;Medium;2020;2020.5;996463.508;937395.279;1933858.787;301.29200000000003
1062;ESCAP: low income;2;Medium;2020;2020.5;1077477.105;1019258.003;2096735.108;280.886
2051;ESCAP: lower middle HDI;2;Medium;2020;2020.5;1053205.101;1016510.675;2069715.776;136.755
2055;ESCAP: lower middle income;2;Medium;2020;2020.5;293095.304;293122.65;586217.954;89.64200000000001
1065;ESCAP: other Asia-Pacific countries/areas;2;Medium;2020;2020.5;107697.966;93130.167;200828.133;51.745
2052;ESCAP: upper middle HDI;2;Medium;2020;2020.5;194851.986;206476.76100000003;401328.747;18.211
2056;ESCAP: upper middle income;2;Medium;2020;2020.5;873834.439;847887.875;1721722.314;58.228
2062;ESCWA: Arab countries;2;Medium;2020;2020.5;226176.521;210202.354;436378.875;33.541
2066;ESCWA: Arab least developed countries;2;Medium;2020;2020.5;48148.994000000006;47926.719000000005;96075.713;24.163
2065;ESCWA: Gulf Cooperation Council countries;2;Medium;2020;2020.5;36217.942;22446.153;58664.095;22.8
2063;ESCWA: Maghreb countries;2;Medium;2020;2020.5;49800.184;49651.322;99451.506;20.968000000000004
2064;ESCWA: Mashreq countries;2;Medium;2020;2020.5;92009.401;90178.16;182187.561;106.02
1765;ESCWA: member countries;2;Medium;2020;2020.5;195140.98;179636.03600000002;374777.016;37.567
1563;East African Community (EAC);2;Medium;2020;2020.5;96986.533;98296.699;195283.232;84.31700000000001
910;Eastern Africa;2;Medium;2020;2020.5;221039.935;224365.643;445405.578;66.803
906;Eastern Asia;2;Medium;2020;2020.5;855475.7359999999;822613.891;1678089.627;145.158
923;Eastern Europe;2;Medium;2020;2020.5;137829.97199999998;155183.238;293013.21;16.230999999999998
1825;Eastern European Group;2;Medium;2020;2020.5;160665.579;179165.87399999998;339831.453;18.191
1832;Eastern and South-Eastern Asia;2;Medium;2020;2020.5;1189407.443;1157302.038;2346709.481;147.58100000000002
1538;Economic Community of Central African States (ECCAS);2;Medium;2020;2020.5;101889.211;102548.904;204438.115;31.225
1540;Economic Community of West African States (ECOWAS);2;Medium;2020;2020.5;199941.869;197263.655;397205.524;78.921
1547;Economic Cooperation Organization (ECO);2;Medium;2020;2020.5;259569.642;253061.151;512630.793;65.459
218;Ecuador;2;Medium;2020;2020.5;8823.827;8819.233;17643.06;71.038
818;Egypt;2;Medium;2020;2020.5;51702.862;50631.541;102334.403;102.802
222;El Salvador;2;Medium;2020;2020.5;3036.4240000000004;3449.777;6486.201;313.041
226;Equatorial Guinea;2;Medium;2020;2020.5;780.38;622.605;1402.985;50.017
232;Eritrea;2;Medium;2020;2020.5;1777.5479999999998;1768.879;3546.427;35.113
233;Estonia;2;Medium;2020;2020.5;628.456;698.0830000000001;1326.539;31.294
748;Eswatini;2;Medium;2020;2020.5;570.236;589.928;1160.164;67.45100000000001
231;Ethiopia;2;Medium;2020;2020.5;57516.835;57446.748;114963.583;114.964
1546;Eurasian Economic Community (Eurasec);2;Medium;2020;2020.5;105882.531;117808.989;223691.52;11.164
917;Europe;2;Medium;2020;2020.5;361060.973;386575.072;747636.045;33.776
908;Europe;2;Medium;2020;2020.5;361060.973;386575.072;747636.045;33.776
1506;Europe (48);2;Medium;2020;2020.5;361060.973;386575.072;747636.045;33.776
1829;Europe and Northern America;2;Medium;2020;2020.5;543641.495;572864.194;1116505.689;27.374
1550;European Community (EC: 12);2;Medium;2020;2020.5;188832.221;196028.078;384860.299;165.22
1544;European Free Trade Agreement (EFTA);2;Medium;2020;2020.5;7223.9;7231.347;14455.247;28.613000000000003
1549;European Union (EU: 15);2;Medium;2020;2020.5;201063.265;208443.422;409506.687;130.999
986;European Union (EU: 28);2;Medium;2020;2020.5;251255.705;261880.82100000005;513136.526;121.029
238;Falkland Islands (Malvinas);2;Medium;2020;2020.5;;;3.483;0.286
234;Faroe Islands;2;Medium;2020;2020.5;;;48.865;35.004
242;Fiji;2;Medium;2020;2020.5;454.018;442.426;896.444;49.066
246;Finland;2;Medium;2020;2020.5;2732.406;2808.312;5540.718000000001;18.233
250;France;2;Medium;2020;2020.5;31589.195;33684.317;65273.512;119.209
1107;France (and dependencies);2;Medium;2020;2020.5;32978.761;35168.926;68147.687;103.614
254;French Guiana;2;Medium;2020;2020.5;147.75;150.93200000000002;298.682;3.634
258;French Polynesia;2;Medium;2020;2020.5;142.261;138.643;280.904;76.75
266;Gabon;2;Medium;2020;2020.5;1132.854;1092.874;2225.728;8.638
270;Gambia;2;Medium;2020;2020.5;1198.54;1218.124;2416.664;238.801
268;Georgia;2;Medium;2020;2020.5;1901.227;2087.948;3989.175;57.406000000000006
276;Germany;2;Medium;2020;2020.5;41415.911;42368.03400000001;83783.945;240.372
288;Ghana;2;Medium;2020;2020.5;15749.999;15322.946000000002;31072.945;136.56
292;Gibraltar;2;Medium;2020;2020.5;;;33.691;3369.1
1536;Greater Arab Free Trade Area (GAFTA);2;Medium;2020;2020.5;214959.807;199018.592;413978.399;36.547
300;Greece;2;Medium;2020;2020.5;5115.826;5307.23;10423.056;80.862
304;Greenland;2;Medium;2020;2020.5;;;56.772;0.138
308;Grenada;2;Medium;2020;2020.5;56.666;55.853;112.519;330.93800000000005
1556;Group of 77 (G77);2;Medium;2020;2020.5;3119335.668;3015943.799;6135279.467;82.60799999999999
1523;Group of Eight (G8);2;Medium;2020;2020.5;447896.784;470664.227;918561.011;25.225
1522;Group of Seven (G7);2;Medium;2020;2020.5;380256.485;392370.066;772626.551;38.559
1524;Group of Twenty (G20) - member states;2;Medium;2020;2020.5;2359867.294;2293464.124;4653331.4180000005;61.602
312;Guadeloupe;2;Medium;2020;2020.5;184.556;215.571;400.127;245.778
316;Guam;2;Medium;2020;2020.5;85.14;83.64299999999999;168.783;312.561
320;Guatemala;2;Medium;2020;2020.5;8827.109;9088.458;17915.567;167.185
324;Guinea;2;Medium;2020;2020.5;6353.234;6779.558000000001;13132.792;53.446000000000005
624;Guinea-Bissau;2;Medium;2020;2020.5;962.695;1005.303;1967.998;69.986
1561;Gulf Cooperation Council (GCC);2;Medium;2020;2020.5;36217.942;22446.153;58664.095;22.8
328;Guyana;2;Medium;2020;2020.5;395.549;391.01;786.559;3.996
332;Haiti;2;Medium;2020;2020.5;5626.445;5776.088000000001;11402.533;413.735
1503;High-income countries;2;Medium;2020;2020.5;628969.382;634123.552;1263092.934;33.339
336;Holy See;2;Medium;2020;2020.5;;;0.809;1838.636
340;Honduras;2;Medium;2020;2020.5;4948.88;4955.728;9904.608;88.521
348;Hungary;2;Medium;2020;2020.5;4598.288;5062.062;9660.35;106.709
352;Iceland;2;Medium;2020;2020.5;171.405;169.845;341.25;3.404
356;India;2;Medium;2020;2020.5;717100.97;662903.415;1380004.385;464.149
360;Indonesia;2;Medium;2020;2020.5;137717.861;135805.76;273523.62100000004;150.987
364;Iran (Islamic Republic of);2;Medium;2020;2020.5;42408.406;41584.547;83992.95300000001;51.575
368;Iraq;2;Medium;2020;2020.5;20357.778;19864.725;40222.503;92.61
372;Ireland;2;Medium;2020;2020.5;2451.349;2486.447;4937.795999999999;71.67699999999999
833;Isle of Man;2;Medium;2020;2020.5;;;85.03200000000001;149.179
376;Israel;2;Medium;2020;2020.5;4308.117;4347.424;8655.541;399.979
380;Italy;2;Medium;2020;2020.5;29437.725;31024.103;60461.828;205.555
388;Jamaica;2;Medium;2020;2020.5;1469.641;1491.52;2961.161;273.422
392;Japan;2;Medium;2020;2020.5;61753.045;64723.413;126476.458;346.934
400;Jordan;2;Medium;2020;2020.5;5165.979;5037.161;10203.14;114.926
398;Kazakhstan;2;Medium;2020;2020.5;9112.939;9663.768;18776.707;6.955
404;Kenya;2;Medium;2020;2020.5;26718.527;27052.773;53771.3;94.478
296;Kiribati;2;Medium;2020;2020.5;58.744;60.702;119.446;147.464
414;Kuwait;2;Medium;2020;2020.5;2614.446;1656.1170000000002;4270.563;239.65
417;Kyrgyzstan;2;Medium;2020;2020.5;3227.27;3296.921;6524.191;34.016
2087;LLDC: Africa;2;Medium;2020;2020.5;169683.335;171705.217;341388.552;40.921
2088;LLDC: Asia;2;Medium;2020;2020.5;82272.20599999999;84559.73800000001;166831.94400000002;25.063
2089;LLDC: Europe;2;Medium;2020;2020.5;2974.0840000000003;3143.259;6117.343000000001;105.344
2090;LLDC: Latin America;2;Medium;2020;2020.5;9482.379;9323.18;18805.559;12.701
1607;Land-locked Countries;2;Medium;2020;2020.5;294745.839;300850.368;595596.207;34.69
1674;Land-locked Countries (Others);2;Medium;2020;2020.5;30333.835;32118.974;62452.809;98.906
1636;Land-locked Developing Countries (LLDC);2;Medium;2020;2020.5;264412.004;268731.394;533143.3979999999;32.238
418;Lao People's Democratic Republic;2;Medium;2020;2020.5;3651.794;3623.762;7275.556;31.523000000000003
904;Latin America and the Caribbean;2;Medium;2020;2020.5;321628.754;332333.578;653962.332;32.472
1830;Latin America and the Caribbean;2;Medium;2020;2020.5;321628.754;332333.578;653962.332;32.472
1532;Latin American Integration Association (ALADI);2;Medium;2020;2020.5;282098.076;291560.475;573658.551;29.974
1826;Latin American and Caribbean Group (GRULAC);2;Medium;2020;2020.5;319457.037;329919.286;649376.323;32.419000000000004
428;Latvia;2;Medium;2020;2020.5;869.336;1016.866;1886.202;30.325
1559;League of Arab States (LAS, informal name: Arab League);2;Medium;2020;2020.5;226176.521;210202.354;436378.875;33.541
941;Least developed countries;2;Medium;2020;2020.5;526016.328;531421.835;1057438.163;52.50899999999999
1475;Least developed: Africa;2;Medium;2020;2020.5;349100.91;352734.579;701835.4890000001;40.101
1476;Least developed: Asia;2;Medium;2020;2020.5;170719.53;172355.345;343074.875;133.599
1477;Least developed: Latin America and the Caribbean;2;Medium;2020;2020.5;5626.445;5776.088000000001;11402.533;413.735
1478;Least developed: Oceania;2;Medium;2020;2020.5;569.443;555.823;1125.266;27.432
422;Lebanon;2;Medium;2020;2020.5;3435.746;3389.696;6825.441999999999;667.199
426;Lesotho;2;Medium;2020;2020.5;1056.95;1085.302;2142.252;70.562
902;Less developed regions;2;Medium;2020;2020.5;3309510.625;3211983.8430000003;6521494.467999999;80.515
948;Less developed regions, excluding China;2;Medium;2020;2020.5;2555677.206;2494530.383;5050207.589;70.561
934;Less developed regions, excluding least developed countries;2;Medium;2020;2020.5;2783494.297;2680562.008;5464056.305;89.78200000000001
1479;Less developed: Africa;2;Medium;2020;2020.5;669878.34;670719.7729999999;1340598.113;45.216
1480;Less developed: Asia;2;Medium;2020;2020.5;2311708.99;2202869.338;4514578.328;147.205
1481;Less developed: Latin America and the Caribbean;2;Medium;2020;2020.5;321628.754;332333.578;653962.332;32.472
1482;Less developed: Oceania;2;Medium;2020;2020.5;6294.541;6061.154;12355.695;22.845
430;Liberia;2;Medium;2020;2020.5;2542.539;2515.138;5057.677;52.50899999999999
434;Libya;2;Medium;2020;2020.5;3468.737;3402.55;6871.286999999999;3.905
438;Liechtenstein;2;Medium;2020;2020.5;;;38.137;238.356
440;Lithuania;2;Medium;2020;2020.5;1259.987;1462.304;2722.291;43.43600000000001
1500;Low-income countries;2;Medium;2020;2020.5;385051.46200000006;390659.15;775710.6120000001;52.257
1501;Lower-middle-income countries;2;Medium;2020;2020.5;1579569.979;1518665.305;3098235.284;144.386
442;Luxembourg;2;Medium;2020;2020.5;316.587;309.389;625.976;241.69
450;Madagascar;2;Medium;2020;2020.5;13814.619;13876.4;27691.019;47.596
454;Malawi;2;Medium;2020;2020.5;9434.037;9695.918;19129.955;202.906
458;Malaysia;2;Medium;2020;2020.5;16630.813000000002;15735.185;32365.998;98.512
462;Maldives;2;Medium;2020;2020.5;342.92800000000005;197.614;540.5419999999999;1801.807
466;Mali;2;Medium;2020;2020.5;10145.174;10105.66;20250.834;16.596
470;Malta;2;Medium;2020;2020.5;221.42;220.11900000000003;441.539;1379.809
584;Marshall Islands;2;Medium;2020;2020.5;;;59.194;328.856
474;Martinique;2;Medium;2020;2020.5;172.607;202.658;375.265;354.024
478;Mauritania;2;Medium;2020;2020.5;2334.981;2314.679;4649.66;4.511
480;Mauritius;2;Medium;2020;2020.5;627.48;644.2869999999999;1271.767;626.486
175;Mayotte;2;Medium;2020;2020.5;134.159;138.654;272.813;727.5010000000001
928;Melanesia;2;Medium;2020;2020.5;5670.54;5452.45;11122.99;21.003
484;Mexico;2;Medium;2020;2020.5;63071.486;65861.267;128932.753;66.325
954;Micronesia;2;Medium;2020;2020.5;277.276;271.651;548.927;173.16299999999998
583;Micronesia (Fed. States of);2;Medium;2020;2020.5;58.48;56.541;115.021;164.31599999999997
911;Middle Africa;2;Medium;2020;2020.5;89621.916;89973.209;179595.125;27.644
1517;Middle-income countries;2;Medium;2020;2020.5;2914516.53;2838535.085;5753051.615;74.718
492;Monaco;2;Medium;2020;2020.5;;;39.244;26338.255
496;Mongolia;2;Medium;2020;2020.5;1615.039;1663.253;3278.292;2.11
499;Montenegro;2;Medium;2020;2020.5;310.563;317.499;628.062;46.696000000000005
500;Montserrat;2;Medium;2020;2020.5;;;4.999;49.99
901;More developed regions;2;Medium;2020;2020.5;620463.328;652840.933;1273304.261;25.935
1483;More developed: Asia;2;Medium;2020;2020.5;61753.045;64723.413;126476.458;346.934
1484;More developed: Europe;2;Medium;2020;2020.5;361060.973;386575.072;747636.045;33.776
1485;More developed: Northern America;2;Medium;2020;2020.5;182580.522;186289.122;368869.644;19.777
1486;More developed: Oceania;2;Medium;2020;2020.5;15068.788;15253.326;30322.114;3.816
504;Morocco;2;Medium;2020;2020.5;18316.887;18593.671;36910.558;82.70299999999999
508;Mozambique;2;Medium;2020;2020.5;15188.235;16067.2;31255.435;39.746
104;Myanmar;2;Medium;2020;2020.5;26220.19;28189.604;54409.794;83.286
516;Namibia;2;Medium;2020;2020.5;1231.683;1309.233;2540.916;3.0860000000000003
520;Nauru;2;Medium;2020;2020.5;;;10.834;541.7
524;Nepal;2;Medium;2020;2020.5;13348.435;15788.373;29136.808;203.256
528;Netherlands;2;Medium;2020;2020.5;8537.145;8597.728000000001;17134.873;508.152
1108;Netherlands (and dependencies);2;Medium;2020;2020.5;8697.423;8777.419;17474.842;503.511
540;New Caledonia;2;Medium;2020;2020.5;143.498;141.993;285.491;15.618
1552;New EU member states (joined since 2004);2;Medium;2020;2020.5;50192.44;53437.399000000005;103629.839;93.047
554;New Zealand;2;Medium;2020;2020.5;2370.163;2452.07;4822.233;18.314
1109;New Zealand (and dependencies);2;Medium;2020;2020.5;2380.208;2462.557;4842.765;18.356
558;Nicaragua;2;Medium;2020;2020.5;3264.849;3359.705;6624.554;55.049
562;Niger;2;Medium;2020;2020.5;12170.165;12036.471;24206.636;19.11
566;Nigeria;2;Medium;2020;2020.5;104469.637;101669.95;206139.587;226.336
570;Niue;2;Medium;2020;2020.5;;;1.618;6.223
1518;No income group available;2;Medium;2020;2020.5;1436.579;1506.989;2943.568;8.004
1615;Non-Self-Governing Territories;2;Medium;2020;2020.5;888.908;864.7639999999999;1753.672;5.784
1520;North American Free Trade Agreement (NAFTA);2;Medium;2020;2020.5;245589.68;252087.877;497677.557;24.656
1555;North Atlantic Treaty Organization (NATO);2;Medium;2020;2020.5;464589.362;479666.305;944255.667;41.267
807;North Macedonia;2;Medium;2020;2020.5;1042.131;1041.249;2083.38;82.60799999999999
912;Northern Africa;2;Medium;2020;2020.5;123722.601;122509.907;246232.508;31.692
1833;Northern Africa and Western Asia;2;Medium;2020;2020.5;270179.461;255689.82100000005;525869.282;41.82
918;Northern America;2;Medium;2020;2020.5;182580.522;186289.122;368869.644;19.777
905;Northern America;2;Medium;2020;2020.5;182580.522;186289.122;368869.644;19.777
924;Northern Europe;2;Medium;2020;2020.5;52487.382000000005;53773.889;106261.271;62.418
580;Northern Mariana Islands;2;Medium;2020;2020.5;;;57.557;125.124
578;Norway;2;Medium;2020;2020.5;2739.983;2681.259;5421.241999999999;14.842
909;Oceania;2;Medium;2020;2020.5;21363.329;21314.48;42677.809;5.029
1835;Oceania (excluding Australia and New Zealand);2;Medium;2020;2020.5;6294.541;6061.154;12355.695;22.845
512;Oman;2;Medium;2020;2020.5;3370.23;1736.392;5106.622;16.5
1505;Organisation for Economic Co-operation and Development (OECD);2;Medium;2020;2020.5;646375.76;667093.71;1313469.47;38.107
2086;Organization for Security and Co-operation in Europe (OSCE);2;Medium;2020;2020.5;632435.1510000001;663859.481;1296294.632;27.691
2085;Organization of American States (OAS);2;Medium;2020;2020.5;501975.231;516145.896;1018121.127;26.603
1521;Organization of Petroleum Exporting countries (OPEC);2;Medium;2020;2020.5;266180.01;251964.269;518144.279;41.886
1570;Organization of the Islamic Conference (OIC);2;Medium;2020;2020.5;967794.082;939736.406;1907530.488;61.18
586;Pakistan;2;Medium;2020;2020.5;113672.007;107220.324;220892.331;286.546
585;Palau;2;Medium;2020;2020.5;;;18.092;39.33
591;Panama;2;Medium;2020;2020.5;2159.88;2154.888;4314.768;58.041
598;Papua New Guinea;2;Medium;2020;2020.5;4568.072;4378.955;8947.027;19.757
600;Paraguay;2;Medium;2020;2020.5;3624.36;3508.17;7132.53;17.953
604;Peru;2;Medium;2020;2020.5;16378.606000000002;16593.24;32971.846;25.759
608;Philippines;2;Medium;2020;2020.5;55028.825;54552.26;109581.085;367.512
616;Poland;2;Medium;2020;2020.5;18337.883;19508.722;37846.605;123.589
957;Polynesia;2;Medium;2020;2020.5;346.725;337.05300000000005;683.778;84.521
620;Portugal;2;Medium;2020;2020.5;4824.034000000001;5372.673000000001;10196.707;111.33
630;Puerto Rico;2;Medium;2020;2020.5;1355.5179999999998;1505.322;2860.84;322.53
634;Qatar;2;Medium;2020;2020.5;2165.135;715.925;2881.06;248.153
410;South Korea;2;Medium;2020;2020.5;25665.854;25603.329;51269.183;527.298
498;Republic of Moldova;2;Medium;2020;2020.5;1931.953;2102.01;4033.963;122.799
642;Romania;2;Medium;2020;2020.5;9353.912;9883.77;19237.682;83.58
643;Russia;2;Medium;2020;2020.5;67640.299;78294.161;145934.46;8.911
646;Rwanda;2;Medium;2020;2020.5;6367.431;6584.778;12952.209;525.019
638;Réunion;2;Medium;2020;2020.5;433.301;462.007;895.308;358.12300000000005
2093;SIDS Atlantic, and Indian Ocean, Mediterranean and South China Sea (AIMS);2;Medium;2020;2020.5;8557.894;7668.951999999999;16226.846;37.754
2091;SIDS Caribbean;2;Medium;2020;2020.5;21480.626;22025.527;43506.153;192.777
2092;SIDS Pacific;2;Medium;2020;2020.5;6288.471;6054.628000000001;12343.098999999998;22.828000000000003
652;Saint Barthélemy;2;Medium;2020;2020.5;;;9.885;449.318
654;Saint Helena;2;Medium;2020;2020.5;;;6.071000000000001;15.567
659;Saint Kitts and Nevis;2;Medium;2020;2020.5;;;53.192;204.585
662;Saint Lucia;2;Medium;2020;2020.5;90.422;93.207;183.629;301.031
663;Saint Martin (French part);2;Medium;2020;2020.5;;;38.659;729.415
666;Saint Pierre and Miquelon;2;Medium;2020;2020.5;;;5.795;25.196
670;Saint Vincent and the Grenadines;2;Medium;2020;2020.5;56.218;54.729;110.947;284.47900000000004
882;Samoa;2;Medium;2020;2020.5;102.703;95.707;198.41;70.11
674;San Marino;2;Medium;2020;2020.5;;;33.938;565.633
678;Sao Tome and Principe;2;Medium;2020;2020.5;109.675;109.486;219.161;228.293
682;Saudi Arabia;2;Medium;2020;2020.5;20131.308;14682.559;34813.867;16.195
686;Senegal;2;Medium;2020;2020.5;8170.785;8573.145;16743.93;86.96799999999999
688;Serbia;2;Medium;2020;2020.5;4279.651;4457.719;8737.37;99.901
690;Seychelles;2;Medium;2020;2020.5;50.43899999999999;47.901;98.34;213.783
2073;Shanghai Cooperation Organization (SCO);2;Medium;2020;2020.5;1670503.481;1583959.208;3254462.689;98.722
694;Sierra Leone;2;Medium;2020;2020.5;3981.239;3995.746;7976.985;110.515
702;Singapore;2;Medium;2020;2020.5;3062.257;2788.086;5850.343000000001;8357.633
534;Sint Maarten (Dutch part);2;Medium;2020;2020.5;;;42.882;1261.235
703;Slovakia;2;Medium;2020;2020.5;2658.4790000000003;2801.164;5459.643;113.534
705;Slovenia;2;Medium;2020;2020.5;1035.23;1043.702;2078.932;103.224
1637;Small Island Developing States (SIDS);2;Medium;2020;2020.5;36326.991;35749.107;72076.098;60.255
90;Solomon Islands;2;Medium;2020;2020.5;349.26199999999994;337.616;686.878;24.54
706;Somalia;2;Medium;2020;2020.5;7924.086999999999;7969.132;15893.219;25.334
710;South Africa;2;Medium;2020;2020.5;29216.012;30092.678;59308.69;48.891000000000005
931;South America;2;Medium;2020;2020.5;212083.073;218676.699;430759.77200000006;24.67
1321;South Asian Association for Regional Cooperation (SAARC);2;Medium;2020;2020.5;958377.151;897999.5009999999;1856376.652;389.049
728;South Sudan;2;Medium;2020;2020.5;5603.014;5590.715;11193.729;18.322
920;South-Eastern Asia;2;Medium;2020;2020.5;333931.707;334688.147;668619.8539999999;154.035
913;Southern Africa;2;Medium;2020;2020.5;33213.98;34289.667;67503.647;25.467
1564;Southern African Development Community (SADC);2;Medium;2020;2020.5;179784.609;183443.917;363228.526;37.651
5501;Southern Asia;2;Medium;2020;2020.5;1000785.557;939584.048;1940369.605;303.177
1534;Southern Common Market (MERCOSUR);2;Medium;2020;2020.5;151630.576;156839.839;308470.415;22.628
925;Southern Europe;2;Medium;2020;2020.5;74369.041;77846.202;152215.24300000002;117.548
724;Spain;2;Medium;2020;2020.5;22978.338;23776.445;46754.783;93.735
144;Sri Lanka;2;Medium;2020;2020.5;10267.351;11145.899;21413.25;341.465
275;State of Palestine;2;Medium;2020;2020.5;2586.971;2514.445;5101.416;847.4110000000001
947;Sub-Saharan Africa;2;Medium;2020;2020.5;546155.739;548209.866;1094365.605;50.019
729;Sudan;2;Medium;2020;2020.5;21907.295;21941.974;43849.269;24.843000000000004
740;Suriname;2;Medium;2020;2020.5;294.822;291.812;586.634;3.76
752;Sweden;2;Medium;2020;2020.5;5058.947;5040.323;10099.27;24.612
756;Switzerland;2;Medium;2020;2020.5;4293.648;4360.97;8654.618;219.016
760;Syrian Arab Republic;2;Medium;2020;2020.5;8760.065;8740.591999999999;17500.657;95.304
762;Tajikistan;2;Medium;2020;2020.5;4805.738;4731.904;9537.642;68.145
764;Thailand;2;Medium;2020;2020.5;33966.06;35833.918;69799.978;136.624
626;Timor-Leste;2;Medium;2020;2020.5;666.242;652.2;1318.442;88.665
768;Togo;2;Medium;2020;2020.5;4119.404;4159.333;8278.737;152.211
772;Tokelau;2;Medium;2020;2020.5;;;1.35;135.0
776;Tonga;2;Medium;2020;2020.5;52.904;52.793;105.697;146.80100000000002
780;Trinidad and Tobago;2;Medium;2020;2020.5;690.947;708.544;1399.491;272.805
788;Tunisia;2;Medium;2020;2020.5;5860.752;5957.866;11818.618;76.072
792;Turkey;2;Medium;2020;2020.5;41636.125;42702.942;84339.067;109.584
795;Turkmenistan;2;Medium;2020;2020.5;2969.31;3061.877;6031.187;12.834
796;Turks and Caicos Islands;2;Medium;2020;2020.5;;;38.718;40.756
798;Tuvalu;2;Medium;2020;2020.5;;;11.792;393.067
1735;UN-ECE: member countries;2;Medium;2020;2020.5;635127.856;666543.216;1301671.072;28.746
1819;UNFPA Regions;2;Medium;2020;2020.5;3258912.028;3177054.007;6435966.035;81.293
1611;UNFPA: Arab States (AS);2;Medium;2020;2020.5;190555.175;186746.972;377302.14700000006;38.839
1610;UNFPA: Asia and the Pacific (AP);2;Medium;2020;2020.5;2089759.604;1992819.427;4082579.031;182.955
1703;UNFPA: East and Southern Africa (ESA);2;Medium;2020;2020.5;306163.978;311025.237;617189.215;50.68
1612;UNFPA: Eastern Europe and Central Asia (EECA);2;Medium;2020;2020.5;121795.511;128170.474;249965.985;42.488
1613;UNFPA: Latin America and the Caribbean (LAC);2;Medium;2020;2020.5;319710.036;330196.984;649907.02;32.442
1704;UNFPA: West and Central Africa (WCA);2;Medium;2020;2020.5;230927.724;228094.913;459022.6370000001;50.739
1818;UNICEF PROGRAMME REGIONS;2;Medium;2020;2020.5;3305750.43;3212585.779;6518336.209;79.65899999999999
1586;UNICEF Programme Regions: East Asia and Pacific (EAPRO);2;Medium;2020;2020.5;1088974.047;1053235.379;2142209.426;134.608
2042;UNICEF Programme Regions: Eastern Caribbean;2;Medium;2020;2020.5;1187.48;1218.544;2406.024;249.588
1587;UNICEF Programme Regions: Eastern and Southern Africa (ESARO);2;Medium;2020;2020.5;268750.413;273498.85;542249.2629999999;51.465
1585;UNICEF Programme Regions: Europe and Central Asia (CEECIS);2;Medium;2020;2020.5;136813.399;144072.043;280885.442;44.646
2041;UNICEF Programme Regions: Latin America;2;Medium;2020;2020.5;318122.838;328543.169;646666.007;32.314
1589;UNICEF Programme Regions: Latin America and Caribbean (LACRO);2;Medium;2020;2020.5;319310.318;329761.713;649072.031;32.418
1590;UNICEF Programme Regions: Middle East and North Africa (MENARO);2;Medium;2020;2020.5;257887.206;241072.148;498959.354;38.443000000000005
1591;UNICEF Programme Regions: South Asia (ROSA);2;Medium;2020;2020.5;958377.151;897999.5009999999;1856376.652;389.049
1592;UNICEF Programme Regions: West and Central Africa (WCARO);2;Medium;2020;2020.5;275637.896;272946.145;548584.041;48.488
2035;UNICEF REGIONS;2;Medium;2020;2020.5;3929973.953;3864824.776;7794798.728999999;59.917
2036;UNICEF Regions: East Asia and Pacific;2;Medium;2020;2020.5;1210770.772;1178616.518;2389387.29;97.975
2034;UNICEF Regions: Eastern Europe and Central Asia;2;Medium;2020;2020.5;204453.698;222366.204;426819.902;18.829
2039;UNICEF Regions: Eastern and Southern Africa;2;Medium;2020;2020.5;292422.08;297202.682;589624.762;47.821000000000005
2029;UNICEF Regions: Europe and Central Asia;2;Medium;2020;2020.5;448472.425;476140.558;924612.983;34.218
2031;UNICEF Regions: Latin America and Caribbean;2;Medium;2020;2020.5;321628.754;332333.578;653962.332;32.472
2037;UNICEF Regions: Middle East and North Africa;2;Medium;2020;2020.5;240081.295;223293.659;463374.954;40.369
2032;UNICEF Regions: North America;2;Medium;2020;2020.5;182580.522;186289.122;368869.644;19.777
2038;UNICEF Regions: South Asia;2;Medium;2020;2020.5;958377.151;897999.5009999999;1856376.652;389.049
2033;UNICEF Regions: Sub-Saharan Africa;2;Medium;2020;2020.5;568063.034;570151.84;1138214.874;48.14
2040;UNICEF Regions: West and Central Africa;2;Medium;2020;2020.5;275640.954;272949.158;548590.1120000001;48.487
2030;UNICEF Regions: Western Europe;2;Medium;2020;2020.5;244018.727;253774.354;497793.081;114.357
1822;UNITED NATIONS Regional Groups of Member States;2;Medium;2020;2020.5;3927074.349;3862024.825;7789099.185;59.998000000000005
800;Uganda;2;Medium;2020;2020.5;22546.589;23194.411;45741.0;228.922
804;Ukraine;2;Medium;2020;2020.5;20263.148;23470.611;43733.759000000005;75.492
784;United Arab Emirates;2;Medium;2020;2020.5;6836.349;3054.051;9890.4;118.306
826;UK;2;Medium;2020;2020.5;33542.415;34343.589;67886.004;280.60200000000003
1110;United Kingdom (and dependencies);2;Medium;2020;2020.5;33798.469;34606.62;68405.089;266.333
1730;United Nations Economic Commission for Africa (UN-ECA);2;Medium;2020;2020.5;668995.562;669831.029;1338826.591;45.571000000000005
1745;United Nations Economic Commission for Latin America and the Caribbean (UN-ECLAC);2;Medium;2020;2020.5;321627.044;332331.805;653958.8489999999;32.491
1760;United Nations Economic and Social Commission for Asia and the Pacific (UN-ESCAP) Regions;2;Medium;2020;2020.5;2354164.183;2273467.378;4627631.561000001;88.98200000000001
1599;United Nations Member States;2;Medium;2020;2020.5;3927074.349;3862024.825;7789099.174;59.998000000000005
834;United Republic of Tanzania;2;Medium;2020;2020.5;29851.108;29883.105;59734.213;67.435
850;United States Virgin Islands;2;Medium;2020;2020.5;49.601000000000006;54.822;104.423;298.351
840;USA;2;Medium;2020;2020.5;163786.016;167216.631;331002.647;36.185
1111;United States of America (and dependencies);2;Medium;2020;2020.5;165333.673;168915.77399999998;334249.447;36.499
1502;Upper-middle-income countries;2;Medium;2020;2020.5;1334946.551;1319869.78;2654816.331;47.801
858;Uruguay;2;Medium;2020;2020.5;1678.336;1795.391;3473.7270000000003;19.848
860;Uzbekistan;2;Medium;2020;2020.5;16696.918;16772.281000000003;33469.199;78.67699999999999
548;Vanuatu;2;Medium;2020;2020.5;155.69;151.46;307.15;25.197
862;Venezuela;2;Medium;2020;2020.5;13984.932;14451.011;28435.943;32.238
704;Vietnam;2;Medium;2020;2020.5;48598.254;48740.329000000005;97338.583;313.925
1509;WB region: East Asia and Pacific (excluding high income);2;Medium;2020;2020.5;1088982.025;1053243.9740000002;2142225.999;134.615
1510;WB region: Europe and Central Asia (excluding high income);2;Medium;2020;2020.5;202474.406;220240.228;422714.634;18.694000000000003
1511;WB region: Latin America and Caribbean (excluding high income);2;Medium;2020;2020.5;283049.357;291995.255;575044.6120000001;35.312
1512;WB region: Middle East and North Africa (excluding high income);2;Medium;2020;2020.5;199761.969;196684.021;396445.99;45.879
1513;WB region: South Asia (excluding high income);2;Medium;2020;2020.5;958377.151;897999.5009999999;1856376.652;389.049
1508;WB region: Sub-Saharan Africa (excluding high income);2;Medium;2020;2020.5;566923.084;569031.256;1135954.34;48.099
1820;WHO Regions;2;Medium;2020;2020.5;3908059.969;3841950.947;7750010.916;59.967
1593;WHO: African region (AFRO);2;Medium;2020;2020.5;559295.949;560865.286;1120161.235;47.45
1596;WHO: Americas (AMRO);2;Medium;2020;2020.5;501975.231;516145.896;1018121.127;26.603
1595;WHO: Eastern Mediterranean Region (EMRO);2;Medium;2020;2020.5;374718.786;351002.0;725720.786;57.404
1594;WHO: European Region (EURO);2;Medium;2020;2020.5;452590.798;480297.333;932888.131;34.5
1597;WHO: South-East Asia region (SEARO);2;Medium;2020;2020.5;1035907.611;985479.019;2021386.63;312.963
1598;WHO: Western Pacific region (WPRO);2;Medium;2020;2020.5;983571.594;948161.413;1931733.007;91.047
876;Wallis and Futuna Islands;2;Medium;2020;2020.5;;;11.246;80.329
1543;West African Economic and Monetary Union (UEMOA);2;Medium;2020;2020.5;65367.564000000006;65485.322;130852.886;37.75
914;Western Africa;2;Medium;2020;2020.5;202279.908;199581.347;401861.255;66.26899999999999
922;Western Asia;2;Medium;2020;2020.5;146456.86;133179.914;279636.774;58.196000000000005
926;Western Europe;2;Medium;2020;2020.5;96374.578;99771.743;196146.32100000005;180.814
1827;Western European and Others Group (WEOG);2;Medium;2020;2020.5;455534.206;468187.438;923721.644;29.646
732;Western Sahara;2;Medium;2020;2020.5;312.26;285.07;597.33;2.246
900;World;2;Medium;2020;2020.5;3929973.953;3864824.776;7794798.728999999;59.917
1801;World Bank Regional Groups (developing only);2;Medium;2020;2020.5;3299567.992;3229194.235;6528762.227000001;71.08800000000001
887;Yemen;2;Medium;2020;2020.5;15024.985;14800.983;29825.968;56.492
894;Zambia;2;Medium;2020;2020.5;9103.006;9280.95;18383.956;24.73
716;Zimbabwe;2;Medium;2020;2020.5;7092.01;7770.916999999999;14862.927;38.42
